X,Y
-2.3468194,4.35621
6.658581,1.1149648
-4.380295,13.495425
-0.43031356,8.115215
2.3863027,8.844343
0.009845449,11.727016
-2.3081176,9.225601
0.822447,-6.0455637
3.8178535,-6.8160224
6.3583436,10.031023
4.2843585,-2.1853626
0.70846874,11.0615425
-3.0344157,10.868639
1.5778404,-4.5767846
14.401942,6.316716
15.903292,6.7387767
19.766104,12.557706
3.198249,-4.5839624
4.400497,-3.9712188
0.7053074,-4.4194145
0.92888165,-6.4358916
4.9111805,-3.7637775
-1.5192193,13.349519
5.72795,-1.9670877
13.057749,5.7484283
-7.5820975,7.921993
8.962539,5.279009
0.71882516,-5.773299
-7.612929,9.943146
0.939314,8.833076
6.5882273,6.933582
4.286823,-3.7293906
-2.0636342,6.3656545
-4.576253,11.196205
19.55133,9.125792
-5.8003654,12.203627
-1.2204623,8.164181
-3.2896016,6.221489
2.724588,-3.3693738
2.413563,6.20663
10.156828,7.5931206
2.2386684,9.726377
7.0603485,4.1161757
16.69599,7.6385536
-2.2950819,7.1012344
-3.8253076,8.871173
14.535676,8.299461
12.633381,7.4764276
7.7250185,4.691511
3.0854306,8.103415
-6.888212,10.20667
2.074073,5.5087147
2.0245047,-4.1928163
13.866869,5.929135
6.370482,8.964793
9.179919,5.9690022
0.5058792,7.4172387
13.669008,7.371182
-3.8669975,6.5810494
9.985208,4.4887357
11.306132,7.695119
11.885763,6.5252566
-1.2257386,9.273306
12.339646,6.4824433
9.431378,9.633255
5.6490765,9.744532
2.5416083,-4.8391204
13.556202,5.582013
2.225142,-7.191102
13.299852,6.178153
3.3684444,-4.716772
-0.6280094,8.87588
1.5318873,-4.204473
0.36723262,9.405349
6.0773892,-1.378085
18.081833,8.166106
12.279651,7.4371705
10.829795,9.403218
3.5403163,8.414767
12.264326,8.34795
5.3308663,6.4027576
-1.0090412,5.010892
16.7572,8.404611
5.4896393,6.968959
-5.344345,13.192336
8.279879,5.1216908
-2.3266475,12.59114
15.842907,8.171293
-4.9904833,6.130955
5.0197754,-5.632116
9.094384,5.447823
-4.007098,10.521742
11.351132,6.2105355
6.4295278,-0.34704447
9.285268,8.186522
6.6555796,8.931074
-5.014578,8.30012
19.609818,10.301398
2.7779124,-5.791037
20.907612,12.829148
1.6942495,5.6393824
6.2033863,5.7033305
6.186328,-0.8422377
0.7365831,-4.6184473
6.515507,9.976236
-4.3530827,14.329425
-4.9688888,13.77222
-1.5375683,9.81944
7.769076,7.7453895
0.53220546,-4.8720293
1.143128,7.0361633
3.082972,-6.4898043
7.152585,2.487045
7.819776,6.131507
2.347321,-5.2265477
2.6290505,9.663279
0.8539964,-5.234225
-1.3472015,10.074257
2.9123814,-2.7797108
6.011987,4.1014476
6.131143,0.19928814
-4.5917277,11.666273
3.2582345,-4.878363
-4.453604,10.375179
0.0018201342,9.861712
-7.8006086,8.903762
19.83046,11.961074
8.110052,6.3214145
-5.555776,12.814386
10.214311,10.054321
-6.0073633,10.923298
1.1978045,8.141905
8.986328,3.7957807
9.376077,5.097871
-7.596631,8.877512
-6.355792,6.426347
-5.7226477,11.170143
-0.16201405,9.558533
-5.753832,10.831561
-3.9009628,9.525128
1.7471479,-5.4395337
6.1089005,9.87216
-1.5952785,8.4645605
2.8309608,-6.0165076
4.2884088,-2.4307954
6.7549586,1.2667774
16.613409,7.1243267
1.2936332,-6.0646343
6.515002,0.4914123
3.5013735,-6.527532
13.29608,6.596573
2.926966,-4.657454
9.211725,7.4852133
-1.486825,9.122146
11.83735,7.412667
5.2323303,-5.0543756
5.0856724,-3.6923087
-5.8405223,7.2226715
-1.9674579,4.7414303
16.496908,7.4804807
3.5478327,5.3968086
0.26893005,10.446222
6.032343,-0.52294564
2.0872314,-4.4237137
3.5162463,-6.794556
4.86511,-6.3009644
20.429092,11.693411
5.6275077,7.901889
6.3506193,-1.0631596
12.168136,4.8720512
-0.27253875,7.700927
17.12771,8.464611
8.870907,8.156576
19.706547,12.017586
2.1517572,-2.7473938
6.747117,5.3484664
6.795736,7.304049
2.6262488,-4.427917
7.253838,4.030528
18.744522,8.910146
12.456096,9.201712
-3.1275873,7.737829
-2.7349212,9.040921
6.178353,5.1812425
3.442189,-5.202179
-5.563768,5.5771203
-3.106676,7.830535
-2.773466,14.160368
6.483426,-0.54047495
9.265822,10.029115
1.2552395,7.25406
7.6992364,8.087573
6.0999126,7.5188003
5.197332,-4.380818
5.544972,-0.7246421
-1.9658337,9.603176
7.9684286,7.3479486
10.616367,6.258024
17.597136,8.166697
-1.0509815,7.7468343
6.160063,8.325388
6.3422976,3.9296174
5.303717,6.852579
10.898343,10.08741
20.468872,11.756096
14.621268,8.278091
2.63836,5.4196267
-1.4523783,11.54981
-2.8399491,7.645196
1.9400858,-5.103232
2.1430047,-5.3738775
6.5602202,6.5271063
-5.850849,11.917217
8.539062,8.649041
20.85357,11.887143
5.4082475,-1.4988773
5.5793133,6.928251
2.9177775,9.641794
-3.036938,7.035388
1.9381682,-6.0184474
-6.7690473,9.354419
2.3035157,-2.6396086
8.502955,4.1126733
4.9206543,-4.305819
9.731339,9.509318
4.084131,-6.672119
2.7739768,6.8251896
8.810978,9.285329
3.596374,-6.121858
5.824607,-0.13654318
6.062579,9.0363655
9.94966,5.329983
-3.9314969,8.222568
19.35682,10.992368
10.510125,10.044483
-0.7498693,5.1088967
6.1125565,9.96734
-1.3174844,10.927643
12.8293,5.0320783
-8.096119,9.530019
5.1874185,-4.3500896
12.676697,5.8213367
-1.267105,6.400138
10.287376,4.2872787
6.6117926,0.8709899
1.4822208,10.465918
-6.1262054,6.8983393
7.261036,9.32022
10.73847,6.783972
-4.1744537,8.696029
7.37105,5.8112454
3.2074711,-5.811362
4.061283,-1.5534639
4.6617537,-2.057767
4.489477,-5.4000487
13.118648,5.644234
-1.771441,9.13195
-4.7782965,14.125851
1.7469616,-5.740837
12.501053,7.5093307
12.3431635,7.7076044
11.891678,7.532341
20.289457,12.381333
2.4374967,-6.2963176
-4.214124,10.153965
4.550414,-2.1861596
10.120919,6.5013022
-4.6031313,13.199223
15.628764,8.38015
-5.42756,5.866251
1.4167957,-6.0429254
0.49197078,-5.066344
13.970597,6.254838
4.4353085,-5.8379164
7.379035,6.7628913
3.0440738,-4.644871
1.4503578,-5.0778146
2.1237133,-6.0705433
-6.333181,9.232416
3.6663244,-3.891204
12.177174,9.293386
3.3740518,-3.598748
1.1454906,6.4703345
20.44905,12.091683
5.776569,7.571006
11.3241005,10.024531
0.6714791,-6.050304
-1.7369698,8.507158
-0.5001657,11.585763
-3.0715125,7.1425586
4.153139,6.756313
12.94388,9.427199
1.5921636,-3.2805166
7.1335006,9.986941
0.6431037,8.547541
8.264184,8.247099
12.399053,5.3513503
1.6885344,-3.7852616
1.5204985,-4.8431
1.9921818,-3.0652237
4.453647,-6.6954327
4.544268,-2.60242
6.298078,7.680722
15.181727,6.814809
3.056475,8.832731
13.459049,8.279082
10.909412,8.12758
17.201246,9.125114
6.5259776,0.6755242
20.056206,12.076685
5.022484,-3.0733252
10.262837,6.1215377
13.703829,6.8318057
15.934462,8.471977
0.18039095,5.4942694
6.053291,5.210011
2.1069226,7.607513
-6.1467133,10.937759
2.7863588,-3.124972
5.7800817,-0.32263428
8.279948,9.4359
7.3379726,7.9278274
15.750465,6.948045
8.347739,5.329285
12.030832,6.37194
-5.228827,10.703537
2.3279982,5.4511514
6.2848206,5.0797224
11.270432,4.25039
3.464746,8.562716
8.714621,6.1519494
4.163463,-4.5513024
17.37478,8.87308
6.697403,2.3242798
4.070228,-2.8196435
4.8511815,-3.4236753
7.343853,5.014881
2.931817,8.288376
-3.327064,7.3049736
7.572412,8.225753
4.3198824,8.901484
10.520637,8.778817
-4.628372,9.931266
18.365059,9.305326
4.111566,-5.2605715
13.173893,9.240749
-4.033943,7.91271
12.632241,9.638611
-5.7028766,8.9733925
1.7614172,-3.6433938
-6.552052,9.724973
19.309431,8.8130045
0.87690854,9.340579
-0.9668135,11.274209
-1.5978734,6.456375
2.1609924,5.4645705
9.957533,4.6234
11.582163,5.794098
2.6599777,9.430517
0.44594783,-5.3315263
10.433172,6.3189387
0.5580101,-5.6623893
-1.4783995,8.063607
-1.4787118,12.332845
0.8454881,-4.6701903
-1.4724139,5.269086
6.0561013,0.22675802
3.837655,5.830676
4.436132,-4.3726163
5.293549,4.751959
6.8193574,3.7487295
12.25508,9.320759
5.998616,-1.0482786
-0.69748056,5.1118593
10.063623,7.0433164
11.555832,8.197769
3.5248628,-4.0006514
1.5857639,-2.9753537
-1.9623829,4.5945296
-2.3200212,4.7054434
2.3087237,-6.617507
-4.635404,6.3645005
1.2816199,-6.4257445
-3.20863,7.118215
2.8786783,-6.248867
2.251036,-2.79002
2.8756545,-2.0496075
13.534513,6.405402
-5.626597,6.9716988
0.33030316,10.053197
14.653609,7.160582
-1.4524063,9.49856
7.43481,9.932118
2.7597673,-4.4216185
18.685232,8.759686
0.48311856,-5.420854
12.912719,8.175671
5.715342,8.298508
19.546648,11.647668
6.916687,8.475306
2.9670682,6.8585954
3.449884,-4.765368
12.941437,6.432762
4.149918,-6.6528816
1.4626645,-4.460057
-2.3254766,9.011455
11.341015,5.3551617
8.227256,4.224167
-4.997386,10.578618
19.653133,9.376811
20.501822,11.393904
1.1825179,7.963202
15.291091,6.277826
10.274982,6.249912
8.3042145,4.7570386
9.202649,5.626964
10.465638,5.1390085
20.464941,13.059203
12.488951,9.421622
-3.2028332,12.687626
3.870563,-3.6390586
3.233268,-6.626202
1.7032965,9.99262
10.923594,7.710593
-2.2828007,6.334763
-7.0132375,9.416288
3.1511528,-3.6391032
16.4434,8.268772
2.719071,-2.0439048
8.547138,7.7579236
9.616745,6.9680624
-7.0745745,9.331668
5.2432733,7.1249456
-2.4319808,12.706005
-2.7708209,13.503946
0.8497204,11.046764
-4.352394,10.277762
9.223231,4.1178846
6.880332,1.3865772
3.172119,9.33074
6.3870435,5.290858
1.6170684,-3.8440437
1.3808588,-5.669415
16.635525,9.009134
5.4369392,6.7514215
11.0288515,6.6112423
2.6546905,-5.546706
4.690935,-6.431026
1.7559657,-6.2576017
1.4650769,-3.5858262
7.001893,7.334022
2.2536795,-4.626097
6.053362,8.668664
11.189591,8.558436
0.6350639,-6.256469
10.445517,4.085548
8.611201,3.8897047
17.360716,7.5158324
6.0606627,-1.4237959
0.6795818,-5.225025
9.933823,3.9768755
3.0037358,9.351404
4.4222417,9.371669
5.106843,-1.448739
8.704625,7.4343925
10.906432,5.821116
-6.4945335,11.578067
10.02887,6.235722
4.2389064,-5.0206194
11.908705,6.6936626
-0.6568486,5.441183
1.6262167,-6.1494765
-3.9050295,10.346633
2.64388,-2.507654
4.8789864,-3.4523149
5.420432,-2.3406944
6.43011,3.865588
4.496306,-5.0779834
1.2037475,-3.4396741
-1.1561118,5.830624
16.961266,7.1555853
11.224566,4.174465
10.814252,5.0988092
0.93431956,10.528382
12.158029,9.048908
-2.5901983,13.214826
2.283978,7.4814353
1.8656853,-3.1746786
3.1776416,-3.649123
-5.3968487,6.7284493
10.560496,4.446101
-1.7018498,6.988123
1.9338372,-2.6500454
0.48927277,5.8449135
-4.242289,8.932945
11.212856,6.152147
1.1310643,8.304335
0.561994,9.038833
8.021583,8.776783
-3.924365,9.682593
7.4248843,8.425794
2.579907,7.732275
-6.1141477,11.90223
4.6680355,-1.5199373
9.30083,5.3863306
2.54504,-7.2185225
4.515723,-5.7252917
18.311384,8.3493595
12.784016,6.535134
0.6361637,8.710755
12.338056,8.220145
7.4039235,6.225033
5.7855687,-1.9134946
2.9321463,5.578218
-5.74065,11.247514
6.8694096,1.6352302
10.546299,3.9313858
6.6058536,9.256109
-2.393477,4.438799
3.7368162,-5.094681
-4.3054876,10.184802
7.896863,5.4467287
19.140757,9.668659
6.6865673,1.7898012
20.146196,12.047569
4.1033525,7.858934
-5.459024,7.51073
2.437842,-5.7108083
14.151967,6.8942685
-0.08063419,12.431344
19.653101,9.7301035
10.500423,9.400229
-6.1407714,6.4582634
9.373296,7.07716
10.023243,4.6977897
13.167053,6.5440106
-3.2214289,10.5699215
7.7018213,4.132037
0.19217387,9.3948765
1.2810676,-6.5605183
20.835554,12.281712
-0.7662072,11.190292
-3.1551917,6.078855
-3.5581555,12.420545
1.4326684,-6.898322
19.326479,11.114735
5.619189,5.1314654
4.3532453,-3.9658082
-2.0575309,5.636288
6.0267053,5.2343645
3.0427024,-3.1325111
14.054455,7.1333804
2.689704,8.24004
-1.3735795,11.013641
3.5019524,5.704594
13.728786,7.21174
13.900177,7.1658697
-0.4604008,9.3521805
1.6313235,9.950902
2.3775666,-5.035745
-1.890753,11.70491
8.712696,7.293493
3.643131,-6.9571133
2.998926,-1.9638362
0.044445623,9.371544
0.6251813,-4.9282846
-6.065254,7.24726
2.9072123,-5.615755
4.6650696,-5.746522
4.119908,-6.227861
3.238082,-6.725731
18.418924,9.554406
12.000141,5.054644
2.362445,8.979806
1.4702603,-3.436944
10.070575,6.2315416
10.274431,10.070131
2.918897,-5.2016745
0.81682473,7.752422
2.5000706,-5.9098
12.783636,7.808722
-3.7314565,10.594218
-1.2523199,13.08381
16.555305,8.931628
6.6117196,2.7181172
8.665094,3.9259245
19.334776,10.722717
16.259281,9.00814
17.723742,8.529103
2.088643,-3.9714048
5.512547,-0.60818434
4.6381907,-1.8629937
-1.1008395,5.1244645
-6.67989,10.419213
6.0077276,9.639572
1.4429708,-3.2746346
3.1915822,9.897515
-2.917778,7.22377
4.1868124,8.800217
4.439996,-5.30725
10.24193,8.883105
10.530981,7.2010965
1.4749725,5.581385
16.613523,7.3997955
-5.661989,5.663949
-4.0599985,5.6488223
7.0120435,4.862789
8.626776,5.071974
-1.8076978,7.421631
8.094657,5.912886
-3.8170207,8.702216
9.99633,5.167749
2.3647342,-2.3527792
13.083676,8.190382
13.123429,5.654694
9.629045,5.821266
-3.3612278,6.71238
-6.720842,8.752283
2.6187723,8.290657
2.4455655,-3.0998816
5.827157,7.9344935
6.340254,-0.34354463
-4.6794367,7.444055
4.5884633,-2.9838936
0.5809673,-4.917125
5.184964,-4.423263
3.7775023,-1.6830269
6.864302,3.5128312
8.22538,6.247416
14.39445,8.592385
14.42182,7.6332717
10.125916,8.255836
2.5981922,8.637524
-1.9669211,6.529919
4.93994,-2.8330646
0.61569184,-5.533291
13.205972,9.472706
7.4591575,7.019527
-3.906447,5.8409066
4.0866094,-1.6636324
1.7377143,-5.9481297
3.3230822,-6.2252865
4.6472263,-3.4628263
3.1150029,7.823644
1.3344078,6.1290402
11.19973,7.133087
2.682237,5.4439263
-4.7634983,6.2714643
1.9856199,-6.9382396
13.584859,5.2989793
0.453228,10.994384
-3.877407,12.88628
11.046158,6.1007137
13.379982,5.9431243
2.5869582,-2.4212897
14.088884,8.300635
-3.0497859,4.9211497
14.481516,8.6543255
-0.76556623,12.073611
4.961509,-5.193181
-4.6456995,9.971798
1.7667385,-4.025062
15.325138,8.548579
9.573055,9.909099
-0.9061894,10.179982
3.9425693,9.053454
-0.8920133,5.7074337
11.049196,5.5639715
5.802364,-0.0068063056
-2.8758533,11.193689
2.785969,10.016278
1.9197589,10.33278
-5.0350857,8.592112
14.635037,8.114483
3.992855,-3.245046
-1.0808064,10.442249
6.527332,0.36901465
-3.1451817,8.106198
12.189892,6.8703184
2.7022471,8.083195
2.4698973,8.401367
10.112573,7.065357
19.027,9.920067
5.4030566,-0.7117512
11.801109,8.213973
-5.1776395,10.841789
8.086128,5.0176244
-4.4058185,5.6836214
4.245832,-2.2174845
17.183212,8.198028
0.7950798,-4.998044
19.770784,9.693244
0.048338354,10.947068
2.2878377,9.0216465
-4.162627,11.940686
5.6344357,9.871622
10.630464,6.721347
19.754675,11.526696
-3.6826777,14.383458
1.3825979,-5.3771005
2.7347467,8.569062
9.066666,8.126881
12.726912,9.049549
15.825203,8.287877
6.9827642,4.9699707
14.015564,6.791216
9.8747425,8.043317
15.5528,8.579796
17.168947,9.087788
1.8707224,-5.360122
10.250108,7.417213
-2.9476757,5.719666
4.0705566,-1.8721293
-3.97811,10.147265
12.067193,6.271914
5.867526,5.116481
-3.020104,6.76266
-4.382589,10.372416
7.2704124,8.463435
5.0469127,-3.6369596
4.9760118,-1.7493308
1.1804981,-5.7872496
19.908228,11.051513
1.6419253,-5.7318454
2.259074,8.932152
1.5204517,-6.850194
4.807299,6.2921376
2.604649,-6.9816027
4.7214227,-2.0631354
3.291405,8.751492
1.0051191,9.091411
3.6851888,9.524343
5.5161586,7.222815
8.740954,6.623072
-4.836782,7.872833
1.5628972,5.951709
8.712805,10.182394
-2.4876761,14.055734
15.814157,8.166841
7.872474,8.329937
19.070663,9.003303
2.258083,-4.6634164
19.995058,12.57316
12.53484,7.0750437
-4.5007825,9.937433
12.700327,8.9572525
4.4567027,-5.6306453
6.359762,-0.24270421
2.3468578,-6.8062305
-1.9747933,4.4956956
9.158393,7.7928886
-6.685114,12.106072
3.2473109,-5.3328767
-8.009234,10.594547
6.147871,9.868066
3.9829574,-5.8971395
6.6567883,9.882087
19.975628,12.915568
6.9731574,7.5651364
12.657838,8.471918
2.8729162,-2.9641495
-4.573444,9.39971
-1.2596062,8.492868
10.021481,5.1098776
4.304379,-3.5564778
3.1638858,-6.811375
2.9315226,-5.267839
4.297167,8.554569
3.32129,-7.0965614
5.2304263,-4.2348094
1.9829203,5.596505
9.114796,7.2539997
6.6365805,9.509653
13.421362,7.7619643
2.125752,-5.608374
10.848926,4.0480943
1.956949,9.062787
-4.0344825,13.053624
5.0714464,-4.475184
4.0829344,-4.0283623
12.592548,7.44658
0.83901215,6.422687
4.4486756,-6.5688868
2.1206608,-3.856617
13.165594,8.802626
10.715062,10.002216
9.628139,4.580174
14.690981,7.9118433
1.1861591,6.6087837
12.750487,5.535939
-2.2784498,6.187756
12.681699,7.1757812
-0.49578932,6.3524137
12.147886,6.273027
3.2387128,-5.9118543
3.0946474,-6.9546285
2.8898628,8.96305
8.952087,9.526026
9.699028,4.9864573
0.2116742,9.77265
18.654387,9.112598
-3.2541482,8.957196
-0.81232196,8.524422
3.55911,9.355705
1.7834805,-5.2534747
6.236412,-0.22593985
0.93631023,-4.944821
8.978771,10.111851
2.1732852,-6.7221327
5.2669683,-2.1606464
8.188072,9.2165165
-4.7629347,8.872062
7.008446,6.77158
1.3405105,-4.58388
13.244967,8.330914
11.459899,5.9442334
10.795569,5.493989
2.56476,8.86435
5.347002,-2.4256616
-4.764296,11.089196
-5.004703,10.489046
20.015097,13.152337
-0.3555087,10.939242
17.108368,7.3740945
8.67099,5.0920687
2.767316,-4.553011
9.820566,7.269699
1.7656492,-5.050385
2.1937537,-3.2356625
11.912361,4.877003
-1.8752669,9.2928
11.146133,7.115899
6.6149416,0.12802185
-2.73751,12.90718
2.0971973,-2.6051035
-3.1732173,14.035553
3.3361466,-6.890729
17.348255,8.453978
7.1701674,8.741316
6.52086,0.3582006
-0.35824355,6.2894287
7.047309,5.3154235
14.248165,8.681438
4.9101324,-4.7580447
-0.023355773,10.103451
2.7670481,-6.2127333
6.059525,-0.46779585
2.2779644,6.898165
6.1396017,9.784942
-6.3376126,8.621813
3.144049,-5.361444
5.7239795,-0.7635631
20.771505,12.524807
6.1529646,3.998754
0.6588972,-6.1382737
6.6091437,0.7117173
10.776001,4.11153
1.6212176,10.283026
10.967811,9.746816
2.7652063,9.294568
3.4334855,-3.2640805
4.0258102,-1.5641093
11.463247,4.5199995
6.1577373,8.026149
-2.8181655,8.208707
2.9572444,-4.248216
10.417096,4.343137
8.125381,9.2794
3.1750906,-6.1951475
-0.46681863,8.239335
1.688841,-4.49983
6.9668756,10.208521
-6.5696387,7.0565424
6.9233866,6.499219
6.5599885,9.14312
1.2961625,6.586877
-0.38148654,9.281396
9.974486,7.8168936
2.9777355,-4.7244387
6.117879,-0.86698776
6.1700883,0.20477735
7.474419,4.51458
-0.11803838,11.7261915
4.764193,-5.9008102
4.964993,-3.3916438
7.292924,7.832003
3.2400513,-3.0026796
5.5824456,-0.58258593
12.127681,9.718427
1.3322583,-4.885795
1.0359409,5.8083987
-0.7571511,6.4047027
-1.0025413,6.5597477
-3.281349,11.773789
0.3290079,8.246683
0.48069027,9.6674795
2.6463454,-3.7726195
-2.2508662,13.465511
3.820378,6.8661923
-1.4041537,6.3616266
1.7715936,-3.4413323
7.0074778,6.507195
5.5350194,6.3652186
16.62231,8.42724
1.1226342,-5.8219333
1.1308833,-5.4407387
15.480124,7.549246
6.8999715,7.6375904
7.1504335,5.3913445
14.30657,9.108285
3.2717915,-4.506362
17.06536,7.1275387
3.4114213,-5.195064
13.19338,5.4542866
3.4189649,-3.7254984
-6.648773,9.95067
6.085467,9.638148
4.719747,5.12984
5.1481323,-2.044089
7.967667,7.820354
-5.343813,13.787867
-2.3377736,8.922838
0.2053515,11.433658
2.1893997,-6.573016
-3.3116553,12.30434
3.5869713,-6.893942
5.9837775,-1.1511579
19.571188,9.371804
4.948153,-2.5614681
11.600589,7.388901
0.5193353,-5.744859
19.867039,9.735023
8.946782,4.100343
13.618087,5.3922257
-1.9509696,8.8458185
3.3920538,-5.064865
5.850049,6.602686
13.889664,9.255204
11.452608,6.1947465
4.250295,-2.3101702
13.079774,4.9734387
11.541656,4.947888
17.352333,7.3187532
10.284535,4.0926266
-0.07414707,9.255814
11.999955,6.026378
6.486172,-0.11745021
12.430042,5.300674
5.606432,-0.27598205
1.5079442,-4.664385
4.103422,6.8919077
1.1357099,-6.6570473
10.409645,5.832514
7.230615,9.763815
7.1412125,7.279573
8.543713,4.0846825
-5.0673776,7.9449515
-3.132485,6.7939215
2.0969083,-4.0923657
3.153469,-3.070322
9.024041,10.186764
-2.3921952,8.907628
8.753679,8.718644
0.1371645,11.250096
7.460953,8.186939
8.079373,8.841021
-1.0603147,7.200483
6.20946,-0.5062055
16.298944,6.780832
2.3820388,-3.7343528
6.1486025,-0.37621206
7.0186253,8.476897
1.5594022,-6.9580064
-0.99608165,6.958991
5.024064,-3.4899561
9.7553425,7.0094833
-3.7822409,11.044872
8.908029,8.123642
7.811321,8.585235
-6.7755833,8.577433
2.6513162,-5.5153
2.2101994,-2.524487
5.904543,0.08626009
-7.0802603,11.363864
0.94921076,-6.307093
0.64910054,12.246172
3.4212072,-3.3317382
5.054071,-4.402588
9.017836,7.9629407
2.898605,-1.9462517
20.835672,11.915123
10.937165,4.456162
8.870201,9.054304
-4.867448,5.976974
6.084208,-0.9034286
13.395128,6.862808
0.7497908,5.8021245
2.9380333,-4.979387
10.771888,6.7000036
1.8603735,5.716047
-5.975974,7.0282555
20.364237,11.964517
-3.3893805,9.316687
6.6236725,1.0906923
18.452938,8.423586
2.0623913,-6.298967
-1.2952418,10.961933
19.564674,9.969919
9.576029,9.615529
3.8177905,-6.8927617
-4.3355494,10.955192
10.792026,8.2590885
5.9677253,5.574174
-3.5791297,9.710308
18.041542,9.107905
1.4021661,11.146701
-3.8511612,7.06065
10.656876,5.5246816
-3.1667733,10.533654
5.690212,-2.3011904
7.1437016,8.017609
-3.9678955,6.0839624
-2.314993,10.982806
4.601766,-5.2696047
2.5578594,-2.413234
3.3514717,-1.8397192
-1.7888738,9.483442
7.617364,9.463554
4.211835,-4.8195796
11.317788,4.244644
-1.1632273,13.390594
15.611538,7.017719
1.1318058,-3.5123472
3.7671127,-6.9694715
5.918266,0.29205465
9.897638,7.0994596
5.9623203,5.652563
10.305801,6.7735586
10.971636,4.4260674
1.975059,10.492047
11.029845,7.3982735
6.2067757,5.0604324
-0.27467248,11.133403
6.509761,0.6816994
18.637758,9.592784
0.11073596,7.108476
-3.2965899,9.472408
2.5667477,-2.6163359
-3.1918674,9.291722
1.4732661,-4.751201
6.8286967,7.1744766
20.436934,12.839239
-1.5984849,8.750151
7.2643423,4.0914006
2.7439213,-2.1305635
12.058331,6.92149
11.99126,9.820167
2.0581915,-6.310875
6.6735253,0.6894155
-1.6617241,11.761266
9.089989,5.0894823
0.3609414,11.65565
20.597286,12.273389
19.963305,12.1765585
-7.075876,11.005449
13.39377,9.504814
18.490995,8.684535
2.495948,-6.1453934
1.3317153,-3.8568695
7.7294464,10.0844965
20.622656,13.24425
2.936062,-3.5982158
12.005233,6.621264
13.135462,6.501011
5.821859,4.192476
14.073171,6.269262
7.156159,9.034056
1.6398678,-5.336078
-8.101937,9.79121
-2.026326,7.7297664
2.1007035,7.035122
4.593911,-5.676691
11.137664,6.9885354
4.1458964,-3.6655672
3.3323488,-5.6066093
-0.8862567,7.9496284
19.057833,8.814702
6.7145557,2.6588404
4.536442,-5.8041377
-6.556409,9.885779
6.570833,9.178869
13.629762,7.088545
4.0880685,-2.1379278
1.9587786,-5.6377845
12.487809,6.7485633
4.60667,-2.6987684
20.41203,11.466623
4.1852837,-6.4809604
-6.492278,11.390741
1.0736513,10.413126
7.808836,7.4665194
2.8157501,-5.9439855
7.542073,4.37667
4.6545863,-3.6694248
3.3112063,-4.3737636
4.2396045,-2.9906433
-4.3162284,11.551867
14.360179,6.916773
-2.6917975,13.728712
1.7967312,7.085699
9.302623,4.171158
-0.31123596,7.8450837
5.8500175,7.7398157
11.692096,8.201416
-1.2726204,5.4736786
11.859637,4.68634
-0.43917087,7.1439204
20.435514,10.843276
1.8605125,-2.8576264
3.473749,-5.1659784
-2.4121892,9.927499
2.7617626,-2.9506977
3.815926,-3.9967601
12.747862,8.394168
-3.9936543,13.3954935
2.8407075,-4.729845
4.429076,-6.2181835
-4.358226,10.48818
13.250034,8.538636
-3.8518713,9.016438
20.712925,12.568831
9.964787,7.926074
1.3528315,-6.7146444
8.482058,5.8220897
-2.1834722,5.7681694
10.202234,10.044934
3.3844488,-5.9038906
6.38468,-0.43588546
12.256205,5.702442
4.055761,-2.2850273
10.180274,7.4736195
2.5457795,9.166323
9.091446,9.172116
2.9154665,5.7112927
13.640906,7.9046106
1.7929027,8.695333
9.506779,6.517983
-5.5422254,10.482743
9.923621,6.6366844
6.9107575,2.3952675
19.345789,10.033356
-5.3110013,7.8560576
5.772247,9.104829
5.5862217,9.278224
4.331368,-4.5006185
4.9462347,-3.350483
9.9897375,9.096501
2.3060906,-4.182471
12.806852,8.430757
-4.0729985,8.960415
5.0877404,-1.6523173
9.888644,8.391114
-0.44229168,6.187537
3.9274635,-4.1563673
12.072835,8.692863
20.66717,11.402267
-2.0693507,8.913943
-2.505063,9.743953
3.9992554,-4.43884
2.4251108,-5.9080596
7.593627,3.6894832
4.1292224,8.63431
-0.98040736,7.6920714
-3.0776043,8.15873
2.5848207,-2.103024
8.066002,3.998352
3.7951808,8.098345
8.365283,7.601903
4.4042253,-5.4680448
9.273861,4.2671247
6.009761,0.31147945
1.724742,-4.3590984
-5.8031883,11.880196
1.3386638,9.086765
10.287547,9.3948765
4.5692954,9.144674
7.0833387,3.0423958
-4.68592,6.014406
2.339063,-5.686192
3.0228992,-6.6766396
2.2391787,-4.2633667
2.226265,-5.75897
9.282698,3.8302317
3.4357316,9.782759
3.014488,7.7039137
-1.8433089,9.802129
0.8440661,6.402988
6.7606277,6.3530364
20.447433,10.828272
1.774051,9.378131
9.433304,5.759652
2.362902,-2.2943459
4.6666017,-5.6478195
3.1094334,-6.682093
-2.8924825,10.889284
8.269056,5.2523785
-4.3218985,8.233628
2.756657,-3.0702708
13.530901,8.285114
4.843889,-4.4428043
18.100273,9.023132
3.978786,-1.9321792
2.629229,-5.9455667
18.285965,8.064071
-1.9367645,10.264145
-0.8393644,11.516849
8.876896,9.6608095
9.500345,9.468759
4.483034,-2.3523433
-1.2038538,13.464671
3.8344572,-6.730407
1.6400669,-4.00496
2.6844795,-5.5177646
13.362278,8.842414
3.3683705,-3.447358
7.324982,5.514592
-0.9656402,5.018431
5.724584,-2.4312253
7.0326533,5.2655787
-4.4307237,14.309461
10.623896,3.9992251
13.44907,6.475993
12.210069,7.056418
7.1733627,4.852265
20.748186,13.151213
2.1650107,10.345483
-4.5978384,8.213524
-2.7037249,6.1662297
15.917715,8.217213
16.326124,7.117092
5.8728137,6.005243
12.088003,7.564598
1.7666341,-3.4262934
10.151293,5.8813524
4.782133,-3.0811539
-0.39322504,6.785223
-8.043618,9.404051
-4.263929,12.618963
0.49553764,-5.092439
6.0021925,8.436295
4.1366916,-2.4402719
-3.9171479,11.357867
0.6135772,6.121627
2.3091974,-7.1610637
-1.4849347,4.660075
12.986208,4.9638443
1.6375765,6.4769287
4.577575,-2.9240625
8.228967,4.037216
4.434434,-6.1166973
10.175108,10.186628
5.8468256,-2.440604
-4.669584,13.727797
-2.9368975,12.747467
3.7574706,-4.5791235
3.082825,-2.9730132
0.64029723,-5.0203857
9.818738,8.174914
3.514534,-5.441124
-2.5819252,13.908128
0.30339026,6.903414
18.841164,9.693736
3.7087424,-1.884454
-5.069874,9.825785
2.878404,-3.7287505
4.328695,-1.732095
5.2042875,-2.5610828
5.836902,7.044906
3.31552,-5.9017296
-4.5674944,7.2909045
-4.061779,8.149712
1.1911644,5.7248154
19.23695,10.990324
12.221133,4.931168
7.206199,4.0918655
2.6946523,-7.2402973
11.151209,6.1583543
7.910667,4.8655086
17.86935,7.8746595
7.630063,6.685081
8.70548,7.658504
3.685308,-3.6259298
2.801448,-4.4598675
2.5034132,9.250337
19.400423,10.778106
3.782275,-5.0039945
-0.9905553,5.2378144
8.389795,7.9556704
2.6233242,-7.081685
14.312235,8.929112
1.3758074,-6.7747707
8.5322895,9.235066
0.5569642,6.128349
4.894355,-3.798496
0.44269565,8.368869
0.6767468,-5.9582295
-2.067595,6.1461735
15.062182,7.7752557
4.1194005,-6.7564435
4.4755836,-2.0738268
6.618963,0.9570998
17.378204,8.425756
2.0980961,7.0102057
10.969595,9.651794
4.426489,-5.1546936
6.78082,2.5187204
3.4339879,-6.156436
2.2348332,-5.1265473
5.6970077,-2.8819807
1.2645578,-6.028135
-8.041336,9.005832
18.146921,8.824402
19.785416,11.781922
6.7014565,10.242076
3.0422957,-6.6858687
4.324367,-5.9347243
1.1421024,-5.566068
16.724861,7.0801706
17.842796,7.8584146
3.625625,-2.5542264
6.609388,8.179584
-3.4942029,9.063816
0.56360126,-5.1440096
2.4923418,10.065888
-4.9152617,10.115771
1.3528531,8.738439
5.068596,-2.169498
-6.0080523,6.6362686
7.848236,4.4272733
8.184146,7.84289
9.8742485,8.223312
-3.6044023,8.286259
6.451854,3.9935668
2.9968345,-4.807365
6.7982574,2.321517
4.0256987,-3.472673
13.455568,7.1998153
4.091607,8.033573
1.3921591,7.318981
3.7318304,5.5822196
5.807927,5.4454913
12.806411,5.893531
4.563268,7.4193273
3.3958316,-4.3103747
0.62636054,7.824581
15.9952345,7.646736
14.945688,8.831893
3.2770875,8.542321
4.773986,-2.0583801
4.251515,5.4514756
6.7424345,1.8793967
2.9095902,-4.4756846
8.564664,9.955932
-6.0918508,7.577049
-5.1910586,8.163332
6.044771,-1.0842363
2.8743298,-7.2093606
5.2297316,6.8234677
5.1099696,-5.313497
-6.3729897,12.676221
-2.7512007,10.175167
5.2781763,-4.1536584
4.360193,-3.7756987
19.242136,8.742836
12.156593,5.660701
6.237147,-1.135952
13.879663,6.1753316
-0.8625379,8.901843
8.572047,8.098231
7.5936537,6.500458
6.8490963,2.6266584
20.466198,10.952953
1.75805,-5.502033
0.5752259,11.365846
-3.7079077,8.77783
-0.027236162,9.41023
-4.8781095,6.013452
6.9748607,5.800839
12.523,5.486919
11.604784,9.945919
12.531842,7.7633734
-2.6215563,9.355735
9.254504,4.345617
1.5743092,-5.4436336
4.44493,-6.1791325
-2.9796045,11.804738
-1.6678058,12.48689
0.91397494,-6.2043843
1.2847182,-4.0820904
3.555275,-3.2365367
8.865267,6.7785716
4.5423913,8.773399
10.071334,6.389337
-2.9748785,10.870817
1.0492951,-6.595326
3.5503774,-5.5022874
10.759819,5.5230627
19.354965,10.215005
2.3084147,-2.749414
-2.309344,10.966266
6.598343,9.263826
-0.71774083,4.8677845
-2.2931552,9.361984
4.517204,6.9688478
10.976422,7.454152
17.759956,7.809284
9.492997,6.7614985
12.498915,9.404757
6.0951533,5.345315
1.7555052,5.4425883
17.674786,7.7229314
14.244161,6.763356
10.306285,7.2285056
6.8137007,8.293568
6.2851853,6.5873923
8.881568,4.010605
5.7290783,-2.2371423
2.5059028,-6.68045
-3.2052097,11.922814
1.5315493,-6.6086173
1.7092736,10.014764
13.287762,6.3825183
-0.7600566,6.7857876
5.723073,7.5955477
0.33370677,12.472527
-3.9522183,5.726179
-2.741358,12.768516
3.4660993,-5.598512
2.4569597,-3.4766598
6.825956,2.363732
0.2368256,5.567944
9.715778,8.98346
3.2550876,8.211313
7.200413,2.373497
6.280573,10.190821
13.683071,5.430344
3.3744864,-4.7414227
6.4506936,0.24154727
-0.44398466,12.7898855
4.7359877,-6.558257
4.3655567,-2.2981548
-3.7066824,7.2134366
1.5573617,-3.5163853
1.5756364,-4.0837784
10.990214,9.70965
-2.858902,14.20096
1.6152917,6.946468
-2.5104413,6.7844815
2.8019123,-6.9627028
10.480763,9.547969
3.2914205,-7.119999
3.1646442,-4.6040874
-4.3779163,9.008187
5.322464,-2.9515393
2.8072994,-2.4459405
1.1009738,5.5773926
11.098577,5.8052464
5.67271,9.702381
-0.019439347,7.6828766
4.2914906,-5.7548666
19.845224,11.478064
-1.3666395,6.4127297
0.3053589,6.478996
2.2870333,-5.7450514
6.6600866,7.141793
-0.58549833,12.616065
-3.9261765,6.065387
13.15537,5.461014
10.268415,4.2364535
5.20126,-3.9136508
16.771578,6.9065814
6.0046067,7.585626
19.691072,10.104469
2.215982,-6.1058617
0.12828372,6.3816285
1.9198971,-5.181842
-2.2035708,5.3604064
2.3836038,-2.5656059
3.1338542,8.756597
5.302911,9.468633
2.6986337,6.7341833
-5.7985706,5.5967073
6.301253,5.0655746
3.8694186,-4.858432
4.242915,-4.396967
19.332458,10.873771
13.228511,9.11019
16.06276,8.135278
18.287472,8.95492
8.720186,6.5651097
-0.7862423,5.8959475
3.419551,-6.5665
11.976775,4.566468
-1.4981875,8.150212
0.9017804,-4.509877
-3.7916775,10.635894
1.3524504,-4.7355914
2.0659952,9.894871
1.3130845,-3.5042486
0.7431552,6.504505
17.452766,8.121504
13.488731,5.3273487
1.8215684,6.663084
-4.2251606,6.4660997
4.543144,-2.1277268
2.8995368,6.1802278
6.6661067,2.0713217
3.160569,-2.7175505
6.266009,8.259759
4.655625,-6.5315614
-2.529993,7.9305544
3.0899472,-6.1108327
-1.5790564,10.142943
5.131064,-1.8222591
5.6563754,-2.4250765
2.4069347,-4.8230915
8.99753,9.132719
-3.2724307,8.251673
-3.3880005,11.969924
1.4229668,-3.1122513
13.1530905,5.281469
2.846917,-3.215159
1.4659653,-5.9951706
15.060951,8.334637
0.36354464,10.443096
10.484567,4.9419417
5.2465444,-1.0460459
2.5614827,-4.7864037
3.5906043,-2.459043
14.089429,5.6484275
-5.6343307,10.417566
6.840672,1.571796
12.644514,9.325358
7.496183,6.2850695
-4.8397393,13.769013
7.6098485,8.587432
3.2361953,-2.3071976
-4.086352,9.327164
7.1978517,9.972088
1.9542565,-3.7643487
1.9674551,-4.556743
2.5376778,-7.2661285
4.695908,-4.3495235
1.5831046,10.119314
11.3842125,6.2705584
1.7948849,-6.365405
16.010157,8.628888
10.389831,9.672231
3.900584,-6.098177
1.2754813,-3.3395467
-5.0231667,6.4936266
6.6366735,3.0543098
18.02043,8.342866
-3.4372041,10.48308
-6.9420767,9.6140175
7.526552,6.6738844
14.905241,8.101908
10.9838295,4.9361806
9.13086,8.171269
-1.6987405,12.405012
-1.8577818,5.559154
6.3922353,0.21042033
4.244585,6.2287407
8.512341,8.852535
19.718594,11.000662
19.294666,9.255424
12.485973,5.3609095
4.9062924,-1.6222186
-6.5771246,10.44307
5.182377,-4.4292116
4.60169,-1.9971153
3.7889624,-5.518178
6.166335,0.30309868
1.5166695,-4.893919
1.5494952,-5.783963
-5.539124,11.490045
-3.294388,10.360228
19.484976,9.053235
3.3072398,-3.8945765
15.122176,7.199385
4.606778,-1.4313729
2.4118438,-3.513383
5.2157135,5.495442
6.103242,5.915269
11.389625,5.3502574
6.005073,-1.9458776
-0.9523772,10.002945
5.7870183,0.23870224
1.2196113,-5.292371
13.27418,8.436161
4.64194,-5.015488
1.7527126,8.70724
6.854965,5.52275
2.2276113,-3.9558873
1.9862347,-6.3011885
6.1781764,5.120871
-5.4207745,7.11437
14.944113,7.396109
-5.2664733,12.431488
2.7834632,-3.8406725
1.8296069,5.5833144
-3.1983814,6.9804716
3.0832005,8.921377
2.9067433,9.949749
-1.8641583,8.696184
4.7153873,-5.8922257
2.4105747,-5.703612
17.448044,8.328239
6.991944,9.842077
9.94877,9.978663
11.248329,5.37673
9.376533,4.950193
-1.032994,12.105401
-2.5505106,11.044225
5.3166113,-0.97343796
1.5969348,-4.9733586
2.5973854,-5.2720165
0.6494583,6.1956544
4.6895595,-5.856988
3.772254,-1.6556333
12.303132,9.482333
1.676261,-4.331129
18.021025,8.282844
20.763916,13.324111
8.73739,5.5004096
-0.6411588,7.5416436
-5.628553,8.741206
15.10225,7.346694
0.6207503,9.732178
3.8537416,-1.9787697
9.468458,4.3462453
2.682663,8.001784
0.9476091,10.331757
-2.9761932,10.201988
3.5735774,-1.733934
2.8973422,-5.0126653
1.4650093,-3.3122368
16.172705,7.458419
3.402301,-1.8705221
16.10188,8.746132
13.15211,5.931212
7.1000123,4.566809
12.587714,7.2217655
-1.4908439,13.212421
-0.3735813,5.4811897
0.8254743,8.955924
1.1602044,-6.659781
10.761736,9.338725
5.7171807,-2.6263254
4.0618777,-4.8018937
-2.1185615,6.826453
-3.153341,12.529993
-1.7905798,5.838173
0.27111605,9.132681
0.32994616,11.724645
-0.39574036,9.593639
2.3197608,10.531289
2.5073907,5.5209694
16.661476,6.808057
9.065916,3.9240081
3.542454,-4.236465
5.419519,-3.912601
8.031715,9.065568
9.962998,6.2235723
3.413945,-3.008672
3.9933941,-3.8483262
-4.5655475,14.318834
13.189594,8.535766
18.371548,9.365597
-2.9851556,11.577742
-1.0407945,5.0197062
0.7683737,-5.4025636
2.5990448,-5.1910815
19.106655,10.075801
7.5427337,9.273042
10.365031,7.0107646
7.9282727,4.970641
3.2638998,-1.8416383
4.8747206,-1.9033991
0.32657045,6.2768955
0.59578264,-6.153739
12.497086,9.418496
0.8965362,-4.7784185
14.421443,6.10365
8.236966,5.6933804
6.559992,3.9570463
11.424554,7.1367373
-1.6924009,11.865802
1.1362848,7.1608763
5.9537644,-0.56850636
3.4899802,-6.6968412
4.2933073,-2.856381
1.2686462,-4.575442
19.014395,9.042215
7.6169763,5.4319143
-0.055176448,8.993973
-1.0995456,9.051963
5.6494646,5.303324
11.798403,5.567159
2.9789627,-5.079278
8.3903475,4.2905197
7.40886,8.914211
20.534517,12.7499695
3.1142845,-5.3191257
10.273767,6.807731
12.4864435,7.318953
5.523939,6.670897
0.7846076,-5.7023106
10.605356,8.580659
2.305245,-6.584526
4.618127,-6.473264
4.2959347,-4.315659
13.530767,9.035831
9.8943815,6.99268
4.7554207,-1.6363374
9.304161,8.938647
7.8747597,5.7971716
11.637843,4.6053715
6.892498,5.066852
-3.8153954,11.742022
11.711153,9.664759
9.194336,5.8359776
-2.6318016,11.681902
19.664385,9.391351
2.0060105,6.876017
11.137072,4.1384873
-3.9942126,6.3014607
1.5572742,-3.1974418
5.146212,-4.242047
16.371464,7.29628
-2.4193134,9.4503355
3.9562867,-4.279197
7.392342,9.498414
5.625673,-2.0835762
1.888034,-4.2702503
2.726178,-3.76252
13.494879,6.972132
20.184471,12.866794
8.450796,7.9843197
10.483115,9.16373
-1.5552931,7.0902476
3.2608342,9.587171
6.903424,2.2039776
8.435879,3.913948
9.946628,4.8199034
9.425464,9.5897255
2.8716445,-5.64043
4.392573,-6.5175614
8.243922,9.318958
5.689467,-2.5810492
12.217545,8.875646
1.3025159,-5.4331183
12.758706,6.633911
-4.426477,8.070754
17.381662,7.5749216
3.9145446,-6.808891
6.9716706,3.0668318
1.1591067,-4.5881824
2.0937476,10.220913
0.5667881,10.417837
-1.4429147,11.529439
-7.091713,11.270878
-2.983692,4.7732053
4.732218,-1.8364042
11.451389,7.916387
8.820037,10.149083
-4.992439,5.8777714
7.3074155,8.869703
17.657507,7.7292094
1.1080207,-4.4854016
5.5019464,-3.5847335
-3.6574492,8.253764
4.855129,-5.411458
15.608443,8.500858
3.8374887,-1.8966029
7.603474,8.439628
6.8368745,8.81121
9.778296,7.3942165
4.675646,-3.6400232
7.82847,6.5879707
3.6596272,-2.2196834
1.180332,6.0279856
16.563509,6.80011
2.9735768,-2.5716667
-6.553376,12.676341
1.8583653,-4.2372327
5.853864,-2.2797124
-5.1763535,10.88324
3.2178142,-6.279921
12.635031,4.9130917
-3.886734,12.840066
12.300738,5.4956408
2.1494386,-2.6321783
7.355082,5.15134
20.513132,12.657664
5.386359,5.6152706
-4.3398476,12.869328
19.716812,9.821867
0.31193832,11.377644
4.23443,-5.3480372
9.746982,3.8955412
-6.3182325,7.092839
2.6583667,-4.5918427
2.485855,-6.6888876
3.8197696,-2.51987
-0.69460404,8.578664
-2.8374302,9.882396
20.608679,12.244729
-6.2615185,11.161736
3.2665534,-6.2937307
3.087973,-3.1292973
8.2978115,6.1960344
5.6435337,9.778809
4.7286735,-5.3691206
6.2974896,-1.1454287
4.167179,-4.590807
2.0130737,-6.3348203
-5.030381,8.987159
14.824078,6.5834527
-3.1454375,11.185381
9.4253435,4.4091625
-1.7242657,6.5966983
12.068449,9.746663
1.9013131,-5.9681153
1.8336738,-6.037612
11.0575485,8.579748
1.1910781,10.666668
-1.9750056,9.685621
1.7339398,-5.5497627
8.31433,8.811747
7.6173406,3.917842
3.5135975,-5.181298
12.091549,8.037858
10.126822,8.984239
5.6524806,7.1220937
3.881082,-5.1984034
0.9306201,7.452547
-2.365265,6.834139
8.671853,9.104313
0.6933492,6.6613464
12.920443,6.8312907
8.244307,8.985578
9.785585,8.657119
0.5268771,6.1831317
3.1029727,-4.834485
10.056372,7.439974
1.2200241,11.180799
-7.2005324,10.091472
3.2067783,-4.756718
13.032565,6.62999
4.7684345,-6.5129247
14.615438,8.398016
-0.7197849,6.0257015
-2.2415524,4.465318
10.470343,7.0948005
11.04766,9.369508
-3.963451,7.6797776
2.6384437,-5.3209076
0.94864184,-4.891976
-7.564889,9.957799
2.541636,-5.282164
-7.4186797,9.026884
11.009015,9.557413
9.973906,8.539583
0.08872832,12.622533
-1.7944282,5.454432
17.066765,8.9974785
10.688942,5.406654
-8.009347,8.863435
6.328467,5.0310087
2.0289404,-5.8493056
10.7314005,5.9163876
9.760289,3.872349
15.697404,7.96791
3.9266038,-2.8503156
11.625742,4.597358
8.122066,9.110932
2.6084259,-6.7015867
7.775809,5.9733768
-1.4551144,7.124718
3.9838295,-5.2118306
-4.1328344,12.398413
2.781383,-6.811348
6.7344313,2.002565
11.297005,9.785088
0.9068511,5.822965
6.548788,0.72313166
2.6534824,-2.65722
19.391241,10.476782
6.7614603,1.2600741
1.0357435,-5.010044
5.9787884,-0.4484281
-1.8709493,10.411491
0.745422,6.0370455
0.17788333,11.118144
6.9417024,1.960178
3.0539014,-6.1417165
-3.5658243,11.795047
4.8948827,-5.532117
6.4085393,3.7010372
16.242908,7.2074003
-1.8175399,8.489225
10.113031,4.7625084
8.486378,8.715905
6.371128,9.916613
8.314832,4.1599603
-4.13822,11.914548
2.6174529,5.532733
11.250455,6.2443304
12.981712,8.750636
17.392618,8.373589
-3.701498,12.224225
9.636102,8.733526
20.811058,12.642377
1.6021131,-4.358377
-5.6811395,9.680651
13.153336,9.309232
2.8208046,-3.2395978
1.9476612,-3.118726
1.6158271,8.737248
18.118277,8.984832
12.7446,8.203749
3.3320987,8.097743
3.2623284,-5.08178
11.83043,9.865775
3.487289,-4.34779
19.80828,11.213645
-2.6622684,8.075501
-5.7361755,5.7610617
17.28524,8.323239
-1.954097,11.976327
2.9977176,-7.1390615
12.360292,9.447711
6.2818274,-1.2776389
0.53750294,9.877237
9.543652,4.2700357
20.322897,12.415016
20.273647,12.434656
-4.5867944,11.420037
4.872729,-6.153509
-1.655028,8.7895155
6.282147,-0.030444264
-0.2275832,12.3629465
-1.258314,12.348465
10.889424,5.0658054
1.9798129,-4.907168
5.490425,-2.5539548
3.5647542,-5.3241515
7.2315702,6.615725
13.1873,9.441283
6.4103427,10.19009
3.7525349,-5.86656
5.1311727,-2.4418666
12.52137,7.712444
-3.1535149,8.521464
-0.4967648,7.3042336
9.995093,7.5608683
7.257788,3.8179867
4.1131473,-4.6378255
8.299163,5.977672
4.465483,-2.3221035
15.811081,8.305607
-0.10566667,9.009856
12.667078,7.2502103
20.83541,12.978767
-5.4456143,10.670944
13.572483,8.650023
6.3751493,-0.9035273
7.0171533,3.62267
11.898983,7.125407
3.7807767,-6.7400737
5.838764,0.09572743
4.869945,6.432472
6.624263,0.949352
5.0370703,-1.4620447
7.9778996,6.438585
3.676457,8.6468
5.502839,9.31081
-5.1117935,10.3598995
2.3029134,-6.0317965
9.274517,4.961635
3.2334936,-3.8781283
20.363804,10.995308
-3.7628675,8.645943
1.656542,10.268959
4.1552205,-4.193302
6.073804,0.4192762
-6.4415503,6.343481
-7.843909,9.962392
-8.067071,10.724854
1.421422,6.761662
-3.1157627,5.2375484
20.532494,13.304954
7.2568383,9.536027
10.113363,5.365261
14.113327,8.827886
12.829245,7.6764574
4.631292,8.111959
1.5921551,7.037772
-0.48063606,9.19184
0.65876776,7.642309
-3.0402484,11.764014
6.5877123,6.1767907
-3.4077718,8.361049
18.814486,9.776651
1.3560429,8.60794
2.7096045,8.51359
-2.3530881,9.02194
12.356374,7.1393247
6.3308153,6.1758437
-4.5025244,13.375588
-6.926677,11.431432
8.086134,6.5567684
0.07453204,9.639361
-4.950199,10.427534
-5.3401594,9.214984
14.24687,9.004514
19.387218,9.008951
7.937593,9.60462
-6.281944,7.5178037
14.226365,7.2025027
-1.623041,9.496319
-2.890188,7.374963
0.15436076,6.1579885
-0.79646945,8.255297
9.822456,5.4662066
-2.236246,13.7266445
-5.932785,8.583024
19.663363,11.32675
-6.049358,6.1374063
-5.6066365,8.228904
-5.1879196,12.443508
9.049951,4.1654315
-2.5636384,9.240262
14.181168,6.1353345
-0.43455246,10.421132
-7.834615,9.580041
7.2690797,5.7460947
10.1438265,7.926922
10.637562,8.37089
20.001915,11.723081
-3.593496,10.163611
9.765828,5.981409
12.404146,5.856065
-3.6366334,13.661451
18.640131,8.402279
-2.5669785,5.246499
12.358743,8.955371
-2.3492818,12.4626045
-5.6849246,9.033949
14.2990265,7.404524
2.7271812,8.272441
-6.8574343,8.364551
1.2186948,8.988163
17.443935,7.64275
-3.3505647,13.617174
-0.8734699,11.863621
-5.4208126,9.021025
-5.6655035,7.5429707
-4.0678797,10.451543
-2.4900236,9.299693
12.202193,9.042232
13.084536,4.9106793
-3.6278179,13.698846
2.2101018,8.992772
11.787068,4.434337
-7.017985,7.364962
7.340378,5.9829326
-1.5883213,12.498068
-5.942991,5.918441
-3.1591146,8.706547
-3.023949,7.433471
-4.0274024,8.188754
6.489581,9.209726
7.0335865,9.705081
-4.1905127,10.7660885
2.7222416,8.292676
-5.836135,9.79485
0.89532363,9.64708
-7.3655105,9.407495
10.80646,6.207078
-1.3672858,9.932491
-1.6791939,6.7334685
-4.588668,9.169223
0.45020586,10.7575
9.489031,7.4502006
-1.6380014,11.324304
-1.8430684,11.002411
20.369455,12.465146
-3.4227698,9.7462
10.79378,4.2541275
-2.1348925,8.887942
-4.188288,12.411374
5.616931,7.151306
-5.7734923,12.515606
-1.1503302,8.9216585
19.631155,11.924459
-3.8352125,13.878067
-4.8384852,13.576437
-3.5564876,11.991109
8.065283,4.847112
12.074132,9.181038
-2.843334,11.668327
-4.9532695,13.404626
16.62937,8.654835
-2.61157,7.994195
-2.672157,13.885351
-6.7330623,7.3517733
-3.5536642,5.6645894
10.867147,5.7524176
20.199953,10.787595
19.586624,10.9026
20.428625,11.156715
6.396504,6.7864857
0.8423404,10.658461
-2.2992098,8.118454
-5.6850095,7.9650936
-0.014882546,7.138512
9.906145,8.821228
10.696028,5.525452
-1.1269516,6.6952515
1.5766554,7.378412
-2.929557,8.312846
20.117722,10.645391
-4.881384,9.689214
9.960086,5.452167
-5.187848,11.519309
2.9423416,7.433313
-5.638708,5.6403427
-2.1974063,13.881757
-3.2826877,6.16435
11.872244,9.487014
16.56269,8.065953
11.922148,7.734892
17.856194,8.341891
13.03458,5.526341
9.883352,8.801501
-2.477986,12.267341
-2.2674754,4.3623214
20.05245,12.627644
15.843758,7.083919
-6.5680757,7.261282
-3.4251099,6.6993194
11.753227,7.750745
9.730384,7.0486417
-1.174191,11.319055
8.303485,10.091198
-2.2600853,10.081296
-1.3488227,9.537635
-7.8755,9.989991
8.497189,9.450628
-4.6744914,12.736496
-0.93152446,9.971154
0.6811596,7.158046
10.237601,5.23703
19.865992,11.686111
15.655461,7.568273
-3.882142,11.579308
-3.3580923,9.21291
-3.149503,8.690929
8.384389,8.340639
-2.450268,9.390188
-6.8701844,9.002868
5.8553767,9.638369
-7.665863,9.654666
-1.6055727,8.792298
-6.858391,11.869999
5.456204,7.205
15.779351,7.374461
2.8489623,8.268191
-5.9296966,10.496604
10.256381,7.635602
-3.7729063,12.68502
15.993058,7.8630996
8.224696,6.121397
-3.6585386,10.437957
6.8584294,6.9819307
-8.203038,10.369941
-1.4452837,11.879313
-2.998952,12.517345
9.813237,5.0123234
13.922928,9.234244
-6.609192,6.930781
-4.7702966,10.249993
-4.129321,12.102881
-2.649882,12.21349
20.556274,11.770488
10.967192,4.6041174
-0.21140362,8.203672
-5.570731,6.224194
-4.3318553,9.351672
-4.2095094,13.944212
-2.368464,7.7317276
-2.8788776,6.4703736
3.382933,8.959235
0.5333688,10.102417
-3.270909,14.189172
-5.446666,9.804923
-4.988435,5.9745975
-0.71012175,10.549438
2.153639,9.172566
-4.223939,11.691668
10.866298,4.4214396
12.790815,5.626154
10.699559,9.05439
1.1393218,7.579187
20.177841,11.215279
-5.756952,9.299321
-4.2206664,14.330736
20.665684,11.485564
9.064365,7.1254272
9.068006,9.086665
10.619552,7.9240966
-4.2489223,11.579982
8.96485,6.636635
-2.1928754,13.260185
-2.9955082,13.029889
-4.816738,6.674182
-6.987558,10.158529
-3.8129241,8.415692
-5.1263504,8.246323
-3.105681,11.1142845
-2.8271143,13.142184
9.8740225,4.4018135
-1.3526083,7.948712
-5.842078,10.961194
19.618761,11.387627
-2.1932318,11.004206
-1.206462,11.256165
-5.50748,6.3098536
7.1712127,6.2630515
-6.438302,12.465507
-6.0642977,10.666359
11.145306,4.3311753
-5.6891747,9.817225
-6.897206,8.946814
17.423117,7.351925
-2.6796517,8.268536
-3.9683766,12.874934
-6.0129037,11.246648
20.762146,13.2835245
-2.5203862,9.877075
4.321213,9.179948
-6.275299,11.604008
-1.704165,6.8922505
-0.8695868,13.100902
-7.8603215,11.116623
-1.3263177,9.020391
10.562254,7.173499
-7.0505977,8.83471
-4.3784924,12.819382
-2.3137734,7.551864
-7.7745504,9.082431
-3.3542674,7.6332107
-3.7220502,5.9321795
8.965626,4.892001
-4.852115,10.574367
-2.6988573,8.077272
4.5825567,9.184818
-0.36567977,7.359414
1.6796379,8.523825
11.557374,6.664619
-7.127518,7.609146
0.5295696,9.747967
-1.6000952,6.2835255
-0.5056841,9.301914
11.665792,6.7638326
1.0605619,6.76113
7.797329,6.7353044
-7.163162,11.741894
0.5299889,9.208281
-6.797591,7.334904
-0.43807372,12.925839
8.1391,7.425531
8.74811,6.973749
-1.8890663,12.393809
-0.5244238,10.6005
-8.134987,9.965972
-2.4722185,11.348799
-6.3715515,10.970396
-4.4473996,11.441291
-1.5626997,10.591853
-1.7081399,8.615133
-4.127391,6.6556067
12.003476,7.5803504
16.05151,7.059609
2.8542285,8.744598
15.472522,7.573904
-1.2653407,10.213477
9.362294,4.9347644
-4.223802,10.949962
-2.91188,7.6999855
-1.0087165,10.774112
-4.6513815,9.357739
8.363206,8.820777
-3.3344257,7.832109
6.4093857,8.84578
11.812627,4.812572
0.17739457,11.179993
10.452314,5.6715517
-1.8666878,9.397949
-5.2496305,10.693307
11.212308,4.74529
12.458825,8.669618
9.940072,5.915535
-4.5888877,9.223397
-1.5911769,9.297286
11.340365,4.3594565
8.472088,8.179027
-1.4265867,10.857196
-0.51393586,5.9109125
-2.2707858,13.993859
9.86863,5.977947
14.588632,7.1356945
-2.9120204,4.9845433
-3.2876759,5.454611
7.6150074,8.729878
-4.526623,14.051815
-4.46738,10.917394
-2.0611513,4.386674
12.263199,8.993204
-1.2089683,9.957598
8.784174,10.045204
-2.1665647,11.325979
-4.1208906,11.265365
19.80386,10.866057
7.551778,6.0693445
-1.0371999,9.836453
-4.972752,6.1966014
-0.5020119,11.040239
-5.1286855,7.644908
-2.9296746,12.396045
-6.0582952,9.025443
-2.372857,9.32518
12.495967,9.260801
-0.53763366,10.907934
-3.6688068,7.1089644
0.13705444,7.121977
-7.0614533,9.362865
19.127815,8.4993725
-3.6200025,8.065438
-1.6458268,4.54755
6.578665,5.7842627
5.585618,6.393407
-0.5998339,10.18414
6.363241,8.3374815
0.46695098,6.4174767
-2.9773436,11.516301
-4.376036,13.156232
-6.057819,10.333587
7.4203615,4.888935
10.053482,7.4523745
-3.8790238,10.544832
-5.8831725,5.7938433
-4.2277126,7.7769756
-5.1162243,13.922384
-6.3025403,11.961875
-4.4706573,5.3154287
-1.7629738,4.590753
11.174845,7.236878
5.4104056,8.533926
20.326183,10.738689
11.611961,7.841677
-2.8573332,7.2500486
19.000488,9.756293
5.0320086,9.361745
-3.918919,9.93877
-1.0237988,12.611969
-5.0397487,6.77122
9.878433,5.3136187
0.56811893,9.106823
-5.8746777,9.36447
-1.7086515,9.894426
9.255161,5.1629844
7.2885165,7.0497394
9.785922,9.076293
-2.8340988,11.792879
0.66008484,10.781037
16.171919,8.382414
-4.1517806,6.948747
11.932649,8.493727
-4.054383,13.517081
7.2169995,5.1483274
19.429726,10.7292595
-4.805614,9.219212
-6.3985233,10.081712
2.731608,8.530083
-2.5189831,13.047167
-1.0479298,9.984725
-4.8778896,5.6991653
-7.351477,9.010662
-1.8179721,10.425239
18.989733,8.376948
-6.899759,11.818099
-6.997212,11.264791
-6.9419045,8.697708
7.50127,6.6934514
11.3399315,4.3140106
16.234032,7.054797
1.1580107,9.962046
11.830599,7.015608
-4.1379595,11.66585
-7.594013,9.591247
-4.799223,7.619868
-5.4603963,13.728936
10.444611,6.4224453
-2.0823023,9.868137
-0.09859954,8.139776
-5.008592,7.8381577
-3.8925736,6.4027123
10.82072,8.430148
14.923703,7.787788
19.892256,11.156578
16.218397,7.423107
-0.26609865,7.116054
11.533698,9.685247
19.603058,9.607324
-5.3058767,13.104395
3.7008605,9.036281
-5.735451,13.072775
-1.4032463,11.330366
-0.6609341,8.459605
-7.1915607,7.3451285
-0.1085305,11.524032
-5.2485943,9.163814
2.4233673,10.2879505
0.84725344,6.250742
19.094625,8.509694
-5.8294754,13.281729
13.289575,6.1996465
-7.694702,10.08959
20.400986,11.813078
-5.9210734,5.8416715
20.027485,12.819245
-5.1075525,9.618602
-1.4517232,4.8706274
-4.6635084,8.759652
-4.736107,10.778696
11.281221,6.3986297
11.297594,4.858302
12.46018,5.349831
-1.8201575,12.065948
-1.697296,6.322047
-7.296096,11.000617
0.49764413,8.511658
-6.5484495,7.8706784
-3.0134318,9.860618
0.59113413,7.9246635
10.043418,6.299009
7.016808,8.4008875
12.539138,7.4663515
-2.658468,10.24357
10.39095,7.4206667
9.857116,4.8712
-2.3225245,12.283322
9.77877,9.061693
-4.6583815,5.631059
7.5954313,8.993359
-2.9544024,14.2222805
10.897151,7.3258457
-1.8247379,7.5028524
4.5415206,9.3142805
1.7747924,8.754113
-2.244902,11.342604
-0.20561858,9.316979
18.685934,9.700533
0.88936096,10.207384
-5.8225856,7.3811355
19.985064,10.34088
-5.4446077,8.7881975
10.456981,7.780565
-4.1021743,13.38586
-4.9128437,12.00114
0.27221283,8.270826
1.5514038,10.429477
-5.2799597,8.922365
9.037282,5.3831425
20.056873,13.049305
-0.69557464,10.309006
10.968646,5.2158866
-5.669067,7.89467
-6.5337234,11.277702
-0.28137815,12.068878
7.165902,9.331785
4.5101867,8.648057
-3.347627,9.360805
-3.589744,9.067016
-6.5753574,10.168308
-3.9651167,5.984544
8.874993,6.3162065
12.798019,8.577151
8.287477,8.486003
9.80144,8.792284
9.823685,4.187242
-1.424374,8.953564
-0.18948512,7.9009585
-4.6729846,13.216993
9.263992,5.569332
1.2545924,10.78236
9.152826,6.555719
-3.1610255,12.737989
7.4199257,5.801469
16.424465,8.141048
6.7274823,5.521245
-4.9121423,6.138465
-0.8765109,9.590499
-4.494567,9.981055
10.040612,7.28123
-5.0283213,13.256783
-3.174265,7.060473
-6.255273,6.627413
-7.586299,11.253853
-3.1826985,6.562902
-4.9015284,13.727874
-4.070409,14.286
19.41184,9.292659
14.718898,7.2325463
14.403178,8.813766
-0.4898951,7.6580753
3.5900252,8.945114
0.5391996,11.321261
10.051592,7.808173
-1.3725485,8.585925
-4.6759195,10.199736
-7.1313505,9.456177
-1.1893241,5.712258
-1.6613978,12.74519
-5.0977507,9.853839
20.449911,11.749726
5.0631385,7.0038652
-5.1139193,7.3409286
-5.9100547,8.370939
-3.29323,5.853897
1.0247684,7.604555
10.874335,8.037856
20.183153,13.066124
-7.540757,10.73492
6.6482368,8.484545
-6.8251476,7.2262006
7.1088343,5.660104
9.689859,9.331296
-2.579588,8.432154
-2.4086304,11.811544
-1.324441,4.7868037
11.473033,9.715515
6.4499564,6.7216206
-3.8226147,8.5172
-1.943969,8.998398
-2.239791,10.956088
8.550691,6.677649
19.472385,9.894052
-1.1669831,13.484305
-0.3122793,12.577723
19.87932,11.743574
-3.4246163,7.236297
-0.6941842,7.540719
-4.6803856,11.046978
-6.5057826,6.6127553
-1.9244807,5.96944
20.31322,13.127915
-2.8369634,5.0226216
-4.5175095,14.006605
-4.521737,11.415263
-6.884785,8.744295
-7.3378215,7.49531
-4.9501295,7.9377313
6.950016,6.7720237
-5.644661,6.100581
-3.764422,5.778028
6.2082024,7.2576075
-0.24765435,10.055277
11.6834,6.1412673
-0.26900235,8.990224
6.459712,8.273607
-3.8248882,10.670223
-1.2733953,13.358334
-8.0890045,9.298153
7.065234,8.804052
9.647134,5.060727
-4.076658,6.738151
5.6535115,6.4809947
-3.4034274,5.993026
0.36095187,8.265146
11.471656,7.703355
10.722388,5.6858506
6.3853793,6.2612696
11.902994,8.086551
2.8610413,7.861273
19.868673,9.857649
13.623067,5.8765035
-2.8055916,13.972306
-2.2675068,6.4269624
15.512344,7.8283033
7.9707117,7.494231
5.794363,9.75147
-5.5386043,5.9393106
-7.080628,9.873677
-2.7493174,5.633972
7.232862,7.2621174
-5.4000793,13.500019
-0.16700223,9.103678
-5.9843106,13.048285
0.5664066,7.1336823
-6.3373475,6.9031243
12.473958,6.7211304
-0.08043861,9.950763
9.928042,4.788249
8.340192,6.4707537
-2.7867115,5.0332956
2.3485777,10.193606
5.8229914,9.718476
-5.7982316,5.7305064
7.1685243,6.506035
-7.0247216,11.729976
-1.8168876,5.8621755
10.64285,5.707371
-5.242072,13.868656
-1.7723432,10.934414
-3.7530925,7.8133416
-6.6651845,11.7330475
10.651046,4.5292535
0.09810024,11.063362
-7.734394,10.31305
0.6409749,7.565667
-1.5737356,10.964186
17.634941,8.055151
-4.044775,10.45735
10.668964,8.767113
1.3238374,11.208727
11.395574,7.9176617
16.18805,6.860823
-7.812397,11.024423
4.222101,8.200358
-4.5213323,7.851675
-1.1077392,9.158295
8.210375,10.064824
9.562528,8.847804
15.355692,7.2241755
1.1238447,7.402129
7.384604,9.096984
7.8426785,4.378492
10.507614,8.019827
-4.1808906,12.336205
13.278755,6.0898495
-6.4284487,13.028413
7.7170825,8.310164
-5.3870373,9.889059
18.357738,8.753989
-3.029529,7.718083
8.7364645,5.958538
-1.9284275,6.8851457
-3.1644044,13.678318
11.812674,4.486877
-0.86978674,7.706126
10.178893,9.440369
-3.8503895,11.9608555
-3.3296893,7.367495
7.431865,7.744835
-3.6512263,5.836269
20.628569,11.649305
-1.1167387,11.847724
-2.8130581,8.859187
4.1610794,9.115706
-6.0220995,7.703877
-1.713674,7.2112207
-0.9791274,9.437575
8.578255,8.865508
20.986073,12.766471
-1.5091951,6.5981593
-2.6200266,4.9643364
-3.0124612,6.6276064
-0.071732745,7.897737
-1.5542178,4.715004
-6.7705946,10.084446
2.6749623,7.836338
-7.075093,10.823651
0.08509199,8.344688
-6.1498713,10.357992
1.6040939,7.7091165
-4.4537745,13.288644
20.528723,13.053664
-5.7653346,13.02086
-0.039462652,12.345679
12.223932,4.78324
13.556532,8.476815
6.8899293,7.730751
6.9798765,8.010287
-2.4157708,10.070618
-3.5538766,12.081072
9.277503,9.153639
10.635436,9.523817
11.063765,8.015197
-3.04203,11.6326685
9.847288,6.3289385
-5.7503104,8.08071
1.0445076,7.199686
-3.771359,13.441434
-0.35206786,9.608286
10.1324,6.025069
-7.40832,10.068825
11.60614,6.743102
-1.9942143,13.076637
7.4323387,7.057907
-1.5604674,11.281929
-3.7392795,13.488878
-0.5907947,8.523133
-3.2535613,6.3576574
0.7620276,8.338155
-3.7765255,10.498274
11.319726,8.232808
1.5244634,8.856376
-1.2347349,8.16303
-2.2800994,8.778483
-3.5450695,6.162783
-6.858969,10.160876
-1.6464549,8.917667
-4.714651,12.452928
15.186277,7.893357
0.13583615,9.940934
-5.5493255,9.164595
-4.213756,10.207129
9.8654785,4.610751
-6.0396414,6.7879405
7.0401673,6.7618856
-3.3310626,10.235676
-2.7442605,12.367412
-3.6938627,9.241073
-5.536523,9.724602
-0.1990757,10.209746
20.104118,13.032419
-1.630023,9.554826
14.436077,8.474716
10.291061,6.148594
-3.978125,5.652495
20.122963,12.253287
-5.013063,7.4252195
-5.0389237,8.123087
-1.3052434,11.299771
5.7006526,7.8053274
1.9666897,7.385116
-2.355572,7.437449
7.113092,7.4252396
-5.5736694,7.0117416
-1.9503925,10.732523
-5.777142,10.481052
-5.4855375,7.9873204
-3.066032,6.773721
-3.0577846,6.9915295
1.909745,6.9741855
-4.639341,10.436805
7.5130963,9.86436
-5.6235456,9.42456
8.069802,6.904603
12.489306,6.2799244
11.305151,8.609278
20.442413,12.097888
-3.178486,10.090289
-4.8441434,5.656455
-4.800228,13.83318
-5.392853,8.977817
-5.554654,13.539546
-2.8778696,10.260741
-5.315476,11.9965315
2.0815024,9.132965
-7.1586113,9.577908
11.562987,6.714364
7.7550793,6.706945
9.444434,8.298936
2.0728767,7.474102
10.776055,4.1544514
-0.6478451,13.013143
-0.8828368,12.864936
9.376663,4.3099446
-0.39752316,8.39419
-2.2157938,5.6616645
4.11429,8.572409
-0.16736202,6.9765916
-6.9149866,10.216906
10.133392,7.127271
-4.060483,9.89473
1.1021298,9.227721
7.597554,6.4721966
9.531488,6.952658
-2.4867384,7.949946
10.042374,5.3672996
-5.5345654,8.710376
9.164351,5.7392955
-3.2857084,12.088083
0.9391435,7.7806525
-6.900322,8.606405
-4.0426865,12.935231
9.552593,8.87312
-2.123301,6.4109645
-7.6289687,10.077039
1.8190547,10.260673
-6.2434506,11.519654
10.189817,7.64584
-5.970442,10.731191
-3.546758,13.390241
10.56919,4.539429
20.285063,12.142405
-0.4872698,10.462613
-4.45487,9.658001
6.259642,8.0259905
-6.464836,7.426829
10.13712,6.0369673
8.031991,6.108124
8.6247015,8.481051
-5.466467,10.335071
-6.8584695,7.281611
0.7709287,11.834177
7.001652,6.8365483
-7.321412,11.150815
7.2719803,8.135352
-3.6461198,11.94841
5.6859913,8.801969
7.776431,9.858859
16.789686,7.3557596
-0.33084136,12.534963
-2.6228538,6.0445657
-7.99389,10.367906
-4.556019,11.75612
8.70222,6.4522343
9.233907,8.316399
-4.6982455,10.144605
-3.3785005,5.5807652
11.43448,7.7755632
0.498649,10.81018
1.616641,6.314784
-3.0113497,10.865856
7.0723715,5.6516566
6.504321,8.540476
5.757379,8.483662
-2.0302198,6.710658
-3.3294513,13.027026
1.3614194,9.43209
-7.943221,9.74233
10.793451,10.019899
-4.410399,11.231208
10.748764,7.7241235
-6.3064656,8.896931
-2.0606284,11.13614
0.6286084,10.678799
9.14747,7.854599
-2.609179,6.6266284
-3.4362,10.382463
-2.323373,8.357077
-0.7757976,9.318232
11.645983,6.4967117
-4.47228,12.576044
-3.5489323,7.2520323
-1.7018361,6.6199746
-0.7847377,8.619055
-6.5132065,9.4834795
-6.2073836,12.920495
-2.0016775,5.914842
-2.3569915,11.153889
-5.9131184,7.931876
15.711577,7.6503415
-6.820619,10.7164
18.03674,7.7353177
10.06886,8.443714
0.47355404,6.317742
13.07666,7.060824
-5.610715,5.841331
16.344578,7.980762
9.373757,5.4844036
16.159405,7.8819942
-1.8371894,12.307138
-6.0396004,10.115062
3.8945782,9.177556
11.771934,7.124424
-1.0809,12.6531315
9.33393,7.511667
-7.403031,7.5518146
0.1759385,7.598158
-4.464584,11.2562275
19.821451,9.827218
-6.881355,8.982862
6.964785,6.873463
10.236205,7.265994
-3.4833138,10.774895
2.6804726,8.11563
-5.447901,8.258357
-0.6088469,8.61702
4.9433694,8.175643
-7.3202915,11.403552
-1.2866057,9.986261
-2.1598961,4.69917
5.7272696,9.066447
9.707132,5.6388035
-1.8358184,7.949855
18.66204,8.311506
-3.5863473,8.175961
-0.007913517,12.595681
1.5992424,8.57393
-1.5651283,11.997159
16.983946,7.1187634
-0.034869395,6.515199
19.015663,9.251112
-5.005021,11.047327
10.559716,5.5261807
-6.99261,8.963939
-5.4664955,5.7604218
-6.3914547,6.6246676
-5.5757494,13.424789
-5.3382225,8.186185
-5.0587406,5.6119165
-3.5707204,9.612619
-2.7031527,12.954849
10.563619,9.033601
5.347055,9.2111435
9.167401,6.9009337
-3.0255563,5.024676
-4.048477,11.095877
-2.334607,12.870144
-3.3664396,11.128282
0.97921246,7.6633205
1.8792226,8.816476
7.040669,9.384288
16.200445,7.7474
-1.7040012,4.7423754
19.95176,10.478634
11.948021,4.9315267
-6.9610496,8.876059
-5.695789,5.5459185
14.716427,6.4784737
-4.157868,14.005717
-4.161251,6.330297
-6.5029335,11.087441
11.946436,6.6344824
13.2918215,5.651338
1.7550299,8.449564
-6.6864853,9.318756
7.8240657,6.810332
-3.7644274,5.8922067
11.243609,6.3011155
9.418498,6.565094
19.808798,11.914642
0.34623903,11.093167
3.84235,8.790838
-1.5634282,12.503346
14.117124,9.05977
10.915142,8.707573
19.38963,10.6006365
13.002366,5.5185
-2.5887349,6.071932
1.7167419,10.296057
6.547743,6.6350293
-3.3766325,13.3003025
0.4389004,6.308972
-2.7128303,5.502276
-6.21808,7.5203605
-1.5321684,6.526702
18.845543,8.929185
16.586525,8.476748
-1.7492197,12.487739
5.7395225,7.7057285
-4.005875,8.185457
-1.5912231,13.461437
-3.0634453,4.6830516
-3.0331235,7.7827277
-1.2265514,7.914393
-2.3505123,8.590777
6.4409018,6.10605
9.134777,8.213328
9.936461,5.8095336
-5.1683946,5.3970013
8.432268,9.28128
-2.999873,7.3549314
12.425366,4.6853228
15.1705885,7.162645
1.0724659,8.365718
7.000415,6.01066
2.795178,7.1549487
-2.916889,5.183539
-2.81492,7.6992307
14.182448,8.167312
-4.6439357,9.4461355
-4.874483,9.867947
-2.971317,9.734454
8.827643,8.525199
-1.0032959,10.345218
6.930006,8.754362
-5.3274775,13.540733
-5.9578733,9.668938
8.510548,6.414696
-5.3993473,9.2523365
9.224434,6.5320525
-5.621421,10.888815
6.145154,9.722301
-1.5054541,13.528823
-4.9992423,12.208575
-3.1206884,9.995682
-1.2277112,11.056008
11.606488,7.5627227
18.629871,8.762593
11.491247,5.6988816
18.35325,9.457805
-2.4375396,4.573999
-0.6798033,12.244643
2.2572322,7.6244383
-5.6794043,12.844254
-3.9581485,8.2950945
18.38254,9.075435
7.718496,4.6743855
6.750721,9.243056
8.923887,5.1214595
17.534668,8.424007
-4.986017,13.784509
-5.801103,9.285132
-2.2699773,8.799854
-3.673496,5.771915
-2.7636652,11.384563
-1.1578242,6.83941
19.222868,10.948463
0.3343986,9.219527
-2.010885,6.798909
-5.2164345,11.373887
-2.8295565,7.044071
16.709879,8.75607
10.15685,3.968915
16.354107,8.995499
0.887724,8.990193
-5.615916,9.925941
14.922157,7.5383024
0.24739088,9.5669
12.388026,7.6772995
-4.2939653,11.869572
-6.1650853,12.451176
18.914656,8.364175
-3.3667076,12.337248
6.0690055,8.114958
-5.028433,13.507603
-3.8056881,11.755208
0.3052425,9.771171
-1.7012113,7.8605685
10.832551,7.9142394
-2.9137092,9.714719
-0.44337606,9.401767
7.301283,6.194197
-7.900722,11.064573
-3.7383635,13.663642
16.074902,8.389765
-3.8732548,14.139116
-3.0900104,8.061939
-6.5965753,12.807205
-6.428195,12.900419
9.569093,6.7567544
-6.0523925,9.255309
-2.5960875,4.483412
15.708319,8.821024
12.4859915,5.648735
-2.183359,5.549326
-4.52842,10.393571
-5.5116057,12.714863
8.126127,7.048435
8.424093,9.100128
-3.030553,12.253684
1.9201963,7.3165007
15.59913,7.9894032
-8.064749,10.775751
6.6939826,9.355836
-2.5705278,11.86536
-6.272729,7.289567
-4.0035934,10.684385
-2.843413,13.544601
-6.7306547,8.311833
-7.5459437,10.936197
-1.2307448,12.271546
9.212572,5.571347
-1.7244952,6.574045
-3.0554903,4.821033
9.813286,8.858307
7.178946,8.600682
-4.375332,8.632241
7.087733,8.194353
12.00597,7.4852023
9.006863,8.880663
-3.3323636,8.834041
-1.781612,8.010387
-1.097871,11.650011
8.762772,5.801421
-5.444156,11.159141
-6.8582273,11.450089
-8.033505,10.478688
16.539566,8.369194
-5.481933,11.522233
-6.190217,13.330682
-2.6648047,8.972472
7.636426,7.7000704
-0.69269633,7.1350136
20.338621,13.001149
9.037507,9.055799
-4.618114,5.565016
1.4663026,8.817798
-2.0476577,11.837888
1.0161717,9.168168
-1.8670766,6.024948
-2.8855526,9.320033
8.640627,6.8829284
11.58295,8.417279
-7.9647784,9.389442
-1.1095692,7.1863737
10.559361,8.437482
-0.92931896,7.11787
19.821249,9.596884
11.52888,5.0262456
-2.1629992,6.0924845
19.676716,11.027809
8.671595,4.7253084
19.476051,11.509856
-4.670586,13.984441
-6.9276648,7.981956
7.6944227,7.9356503
-3.4048193,7.881389
-1.3405838,12.148236
0.3016409,8.752893
-1.25324,4.854802
7.7210016,7.6237335
10.623521,7.3768463
4.289647,8.1704
8.32037,9.743364
-7.652015,8.091586
-4.737133,9.1077
16.462637,6.9409237
-2.420512,10.214805
-5.4219465,10.538593
-6.3213763,8.73054
-2.3045123,8.137949
13.426818,8.520123
0.73992294,10.350057
0.7009626,8.879399
-4.365392,7.516846
-4.1157765,12.764167
-4.0215483,6.085865
-2.0727746,13.191759
-4.7112784,12.081288
-4.559071,5.506511
9.419736,9.730101
-2.3212082,11.102381
-0.91574186,9.6730385
-1.7397755,5.5525627
10.654082,5.8715787
9.746909,5.48788
0.9171373,10.826183
7.446033,9.41439
-1.3632641,9.744559
-4.61362,11.449524
-4.585953,12.3292675
-5.724526,8.783046
14.912451,7.304297
6.1021957,9.923041
4.372723,9.177832
10.116367,6.621166
-2.2627156,9.4823265
-1.85469,9.382268
-5.1395454,8.911902
-1.72885,5.608216
14.210417,7.192447
8.499543,7.802836
-1.812019,4.7748013
7.2613306,6.754327
19.319712,9.8084955
-1.217199,10.218437
-4.901713,13.239525
9.643314,5.533383
-1.8092123,11.362201
0.929662,10.877613
-4.285286,11.002481
-5.2662253,8.238558
-3.994401,8.703305
6.703642,8.240628
-7.1883373,9.895429
-1.969562,8.308101
7.8544726,8.069716
-0.97879934,9.088226
-2.5102613,10.18596
11.095668,5.6165867
-0.994246,5.9381714
-1.9413598,8.565267
15.401551,7.0329633
-6.6218343,12.853661
11.806773,7.0023203
-7.1742935,9.706086
1.0513765,7.3417277
8.75972,5.5354733
11.198042,6.8998113
-1.3253009,11.745373
-3.5401764,12.057857
-8.014617,9.587241
-4.71415,13.981454
-2.257849,12.84002
-2.3373916,13.657154
9.508609,4.9966526
1.192587,7.9449444
8.373439,8.941894
-7.226352,7.5740786
2.94079,8.142431
-4.0361576,13.219996
-2.115261,12.531987
9.475143,8.531966
15.786398,8.049534
3.4699621,7.872787
12.475581,9.097019
-2.471265,7.497935
0.32662746,6.8632746
-7.202739,11.094909
-2.2779586,11.216002
13.325959,8.243163
2.3034024,9.571062
-3.4564977,10.506996
-7.9993477,10.987592
-2.2083848,5.272954
0.60850734,11.291006
-0.9751716,8.74645
10.432031,5.8304296
-1.3257746,6.449477
20.127104,11.19995
-3.802191,8.46516
9.757275,6.646792
0.07307005,6.2766347
8.010274,8.35795
0.07156466,12.232556
12.30389,7.2136545
10.122138,6.746388
-2.167288,8.428144
-1.1067423,12.436527
7.9053316,6.511733
20.54106,13.320668
8.233222,8.762901
11.572102,6.055301
12.020572,6.1123376
-2.721839,11.5494375
-4.2872095,6.6173167
-0.32740793,10.593889
1.0857332,9.321386
-2.8497355,14.174179
-0.89300823,7.281521
10.737962,7.521569
8.494051,6.214547
-3.8173308,8.299609
2.5028832,9.194531
-3.4630303,10.63423
7.490781,6.6777773
-1.0428771,6.2515945
3.2681608,6.9652057
7.2675614,7.6609674
-0.3952504,8.976878
8.458898,9.4565935
13.352566,6.419541
0.28273386,12.57053
-1.1046983,10.667337
0.5894422,9.861857
9.778479,6.4830666
0.14153641,11.212392
-7.3990474,11.145077
10.211509,3.9578931
16.333612,7.3269396
-1.6816299,10.359938
-1.518297,11.585759
-4.0185013,8.971996
7.4721117,7.3943143
-3.6536663,5.340657
-0.31260234,6.097033
3.0838761,8.121191
10.310516,7.905294
9.557536,8.763995
15.333299,6.941185
7.3337407,9.79866
-1.1937182,6.011073
-2.1497185,8.413835
-3.291366,9.807304
20.241922,12.85186
-6.0400147,10.229771
-0.69517314,13.115753
10.313596,4.6733546
6.436063,7.913923
9.577114,8.987481
-0.5718837,5.9208884
-3.5426126,7.698905
-4.1256766,9.768659
7.6384435,5.7582245
-3.0610769,8.395842
-1.9811051,4.810193
-5.5394487,12.967438
-1.8202395,7.757475
-4.129832,7.757569
-0.5585247,8.930697
14.460197,7.0896835
-1.09615,6.3182526
7.017203,9.115341
-4.6394563,12.166
-4.8011947,9.236609
4.123175,8.897977
3.9311848,9.330996
-2.0586154,5.5673046
-2.5388923,11.332478
3.5115662,9.357683
-5.157811,5.6403317
-1.257595,7.6723084
10.259191,7.847207
-0.13021521,6.154873
7.8894796,5.9213724
11.5990505,6.0133686
-0.63411266,9.760128
-4.407944,14.169826
-1.033073,9.884531
-7.9610944,10.86359
-4.0298123,10.1408415
-6.1619143,7.0583825
-5.036936,13.34975
-1.3076351,7.0827165
10.988608,8.118562
8.262578,6.674207
14.5087,8.195193
-1.5502678,10.296405
10.431328,5.3326564
-7.127833,11.367001
13.538391,8.74498
9.336699,9.580684
-7.075199,7.346546
14.017818,8.328416
2.8246577,8.159945
-3.4578354,13.135133
10.253911,7.2385864
-0.6973487,10.192139
-2.3058655,13.482687
1.3775784,9.006726
-5.1029,7.3594427
-3.0512178,9.4796
-0.24802396,12.83659
-7.5833936,8.4121275
7.625051,4.8138566
-4.0597653,9.199229
-6.085796,6.5663023
-4.3226743,13.085561
-2.2085795,12.82713
0.011759912,6.719495
-3.4588265,6.4608808
18.70401,9.346489
-0.15996844,8.008412
-0.7763047,11.061348
20.197147,12.912044
10.002724,4.2604218
-5.161029,11.192981
-7.92862,8.798386
16.47281,8.909472
-2.5839841,4.578376
-0.6960916,9.237868
-5.3891826,13.700995
-3.0673468,9.615432
16.076605,7.833366
8.767599,8.547849
-4.7213783,8.067457
-6.568114,6.6336226
-2.942467,14.1094265
-7.6259494,8.490578
-5.514759,9.433795
-6.349069,7.7414975
-4.191753,5.5915217
12.656223,8.754115
16.370378,6.96686
16.091553,7.3558702
19.642933,11.7131195
-0.899716,9.511638
13.545637,8.397382
-4.911911,11.857029
-5.0004168,7.3495727
-2.4406366,9.667329
7.462226,8.172895
5.866613,8.571303
10.465244,7.4404216
-7.348725,11.327864
0.13194264,10.4673
19.804893,9.83563
-0.42670676,7.7794886
9.086081,7.120535
19.676308,10.101621
-2.3003743,9.650017
-7.499919,7.8377047
7.160913,6.6358757
-1.8195468,10.976301
5.0245967,9.46047
7.9394073,6.8564506
-1.6831357,6.6320868
-1.8761115,9.342041
-7.115006,7.479703
-5.250756,10.026538
-4.7500324,12.11292
-3.1148345,13.334863
4.014724,8.676325
-1.0174866,7.7798605
-1.4256669,12.476191
-4.8117275,11.124162
-3.4850488,7.7551713
-0.1787741,12.164719
6.19185,8.832608
15.220225,7.396105
11.010354,5.5786743
-4.9277415,12.481968
0.5968382,10.098039
-2.9159107,11.590808
-6.5297756,12.919778
9.901242,6.3388095
-4.508348,7.968717
-3.048139,7.493876
-0.7869171,11.251245
18.995214,9.089779
18.01498,7.842791
20.435934,13.074008
7.3814363,5.9599037
16.834055,8.947732
6.8350277,9.368905
7.075805,8.337978
-4.6641803,11.4168005
-1.997121,10.225243
7.3778195,8.093401
-4.254792,8.466378
-6.6349034,8.340654
11.504599,8.517147
-2.916542,13.262422
-2.9511616,5.7383943
-0.62695485,12.837131
-3.71861,8.99222
4.512933,8.479593
-5.1151457,8.700932
12.306019,7.8760667
8.925337,8.668546
-0.36118627,7.790227
8.903732,6.991458
-0.98078823,13.240882
-4.428935,13.563848
-2.88293,12.736882
8.967793,6.2413206
-6.853946,9.844043
-5.6309867,12.722943
12.797682,5.694875
7.786216,5.0318604
12.18218,6.3206816
-2.009438,11.132847
14.171429,8.810423
9.757998,3.9799967
10.634625,4.792253
-4.167648,8.993794
-6.1813297,6.25957
-2.6326895,14.033378
8.400165,7.3992023
-1.2341743,12.040556
18.290184,9.086683
1.0050601,10.553141
0.022647355,11.919898
-5.532333,9.917974
19.685507,11.948815
7.3526063,9.219695
9.125848,4.2477407
18.536077,8.089449
19.960157,12.520829
-1.5747268,5.327033
16.865984,8.911696
6.5727925,5.7370276
-5.485872,13.560604
9.752476,9.530381
9.078733,10.044598
-4.8250575,10.375645
3.45336,6.987014
0.4278255,9.237664
0.62471753,8.432734
-5.788618,12.92787
6.085834,9.191972
6.822599,6.8045607
10.832384,9.889672
-1.3197294,6.718785
-0.9824648,10.993748
-3.713481,7.318919
9.846209,9.136466
-5.682906,8.26008
-6.6818085,6.798612
10.022865,7.0729346
9.245016,7.909234
-7.3539042,9.776402
10.360796,4.090419
2.1140263,6.9916253
9.793171,6.667717
-3.9290125,9.169036
-5.4808497,6.630348
-4.8345413,10.55588
-6.599081,7.5382943
1.0052463,8.367786
-5.9515443,13.115414
9.668457,5.4620285
-3.6669204,6.559506
-4.5177107,11.488287
1.5054295,8.2720375
16.234016,8.771529
0.468555,9.078875
-5.8153367,6.7932343
-1.4670235,11.102905
11.278598,5.936453
2.577529,10.210811
8.822949,3.8657799
-0.39295325,11.149779
-2.6607487,12.038803
10.486628,8.468021
-6.4380064,6.91969
11.308585,8.373387
17.53045,8.486842
10.899886,7.990605
-4.508631,6.993635
-0.44460052,7.638648
10.095804,6.5248322
-2.3338225,8.669588
-4.7624326,12.952407
0.7499417,9.357407
1.5137739,10.574371
-6.0423784,8.646915
9.686988,9.208038
20.037697,11.698115
9.473034,8.972629
20.481873,12.670154
-1.427498,7.8369675
-4.7301064,13.955981
7.8313403,6.396399
-6.639396,11.8406515
10.222452,6.9648724
10.52466,4.5871716
6.2601995,6.921065
9.968096,5.844124
12.82695,7.3400006
-7.4177065,8.827851
12.800415,8.101019
0.47227737,11.541142
12.5649605,7.501012
20.939026,12.332613
-5.046991,11.551574
-7.811025,8.610131
-4.30369,11.358259
7.4133787,5.8176804
19.102592,10.027475
-6.3818417,12.381296
-2.1774418,5.9552965
-4.8892636,9.189612
-7.2766676,7.5093045
-2.4021103,8.780904
-3.9875085,8.080881
-1.088066,10.039866
-5.645604,5.697714
-1.533361,13.608589
-3.3172987,11.847676
-2.538793,9.586785
-6.581045,10.660405
-3.0415578,7.8389907
-0.5998245,5.848843
-6.515132,12.923914
9.500928,5.132841
11.757879,6.5881295
-5.4195538,11.617818
-7.07676,10.46519
5.958014,8.435362
-3.3603256,14.22176
-7.680756,9.136847
15.74958,7.274733
14.64524,7.430205
-4.7919674,7.0430284
7.8354588,7.4715652
-4.366845,10.488429
-6.1727743,8.883915
-6.28023,12.534173
15.283139,7.9474363
13.3278,6.8289332
-0.79810554,8.046658
0.9199503,7.0580335
14.646386,6.4053965
3.8968983,6.9303985
-0.6237644,8.934008
9.154274,7.904476
-5.6347647,6.6083627
-1.8602897,7.9547567
-2.6649919,10.832416
-0.49279723,11.329905
0.3301999,10.7629
-5.055455,7.2316384
11.165907,7.310404
7.395291,4.88876
-3.5472145,14.051349
-6.0140247,7.044955
-5.3428907,9.437547
9.893317,5.881616
-0.6822247,11.329688
-2.6994686,11.714869
20.469133,13.285231
1.1244326,9.031969
-5.2795796,9.67985
-4.5588236,6.65352
10.865597,4.1145744
0.2987252,7.186528
6.1540437,7.8219852
-4.3888,12.016953
19.696196,10.4414835
15.905813,7.0422754
-3.614204,14.102261
-7.1561923,10.134837
1.4740893,8.196318
11.505478,7.7131243
-1.5211294,12.191966
18.564436,9.611005
6.298387,8.308233
10.107689,7.7458186
-1.3789822,6.473314
-4.07946,14.199456
-2.7559783,12.387321
-0.22743429,12.746547
-4.589455,8.033097
-1.8496438,8.195088
1.4212674,10.736395
-6.360066,7.280759
11.46929,7.3519526
-5.6864386,10.25883
6.5440063,5.014408
-6.608939,12.623132
-1.5016212,12.395311
9.869119,8.552315
10.090263,6.656365
-0.78525335,8.995641
-2.175668,6.0460815
-6.0628824,11.447991
12.986993,7.033884
0.017871168,11.284509
-4.628737,9.779297
-4.59224,12.9310875
-7.277195,7.8668313
14.357943,7.3990374
10.604808,7.541757
0.84190017,9.893894
-4.937913,7.8733406
0.3580588,10.35122
8.914747,9.053338
-4.3472404,5.5121036
-4.249832,12.582853
-2.9959223,9.15047
9.250985,4.1261325
-1.2469273,8.598737
10.474519,5.66032
-4.994952,6.881528
-4.2362165,11.091137
15.919066,8.8306055
-0.7715767,6.7720304
11.39446,6.418342
-0.8256543,11.388642
8.964929,5.8451996
-2.242544,9.139962
6.865268,8.203217
9.064163,7.100341
-1.3594024,11.93207
-3.6064606,7.462091
-6.5055323,10.689414
7.4339976,6.5893908
-3.656653,9.545813
-1.5077832,11.050323
-3.2866826,11.629315
7.177285,6.7518034
0.3763728,8.121489
6.3366327,9.730797
-5.3942356,8.01217
-1.1280674,5.679265
-6.158128,10.236269
1.3956851,7.522344
-0.84479535,7.4139924
-5.503361,9.7204485
-0.2812173,11.300885
14.636911,6.3645997
10.336174,9.355691
13.413493,9.224917
10.513564,7.6885834
11.843334,6.8856707
-5.3676267,7.1833997
19.22859,8.925181
7.4235578,8.116125
-4.1166844,9.691576
-4.4995637,12.230041
-0.1461916,10.318057
-1.2896408,5.86488
17.838875,8.925772
-2.954816,7.653199
8.386326,8.429636
0.07306516,6.992267
-3.9996107,8.489064
-0.05216637,7.03283
-0.5998195,8.751374
-3.0402908,7.52423
9.1519575,6.400304
-3.0031452,9.818167
-2.5878649,11.887511
-5.455218,11.817715
19.995039,10.373418
-5.787997,6.0206213
-2.7617087,6.834394
-0.23082203,12.882181
6.456443,9.361581
8.43114,7.9886374
8.597811,6.5849023
8.849541,6.228957
-4.578241,7.360513
-4.633129,8.376203
15.350185,7.29458
0.8870437,10.175582
-6.3383384,9.073849
-1.2513697,10.177159
-1.8119862,6.2078257
1.8532156,6.6639338
-8.073902,10.601106
19.860691,10.502583
-5.7968163,13.099743
-7.026362,11.759505
2.1354456,10.0283
9.294438,7.047874
-5.3276205,12.542949
12.394816,9.070069
-4.885731,14.134819
6.643187,6.177222
7.4146714,8.840711
-5.1965766,10.167513
-3.5311441,6.828949
-8.015179,8.498371
-6.8722243,11.448744
7.334528,8.1937065
-4.6063776,9.211122
-6.42878,8.203571
5.733307,7.034213
18.192865,9.459091
-3.25639,12.446442
-1.6773723,8.631718
-0.46656397,10.826364
-3.8411665,6.5784693
-0.35099772,7.516511
18.531853,8.219776
-2.0668428,12.047887
-4.5091,14.13342
-4.2700577,11.246211
-1.0971518,12.912175
9.72481,6.7187114
-1.5681664,13.519853
0.57285,12.158256
0.5697259,8.861941
6.969149,7.710215
-0.4969875,11.161805
16.568907,7.1859365
18.942968,8.593639
17.115656,8.350996
12.918382,5.0324283
2.9275324,6.9271927
-4.158407,14.279409
9.612394,6.675749
-4.132208,10.726588
-0.92357916,9.195579
5.5363164,8.356918
9.638321,4.0785723
7.784859,8.178349
18.175655,8.646878
-3.4132411,10.293742
-3.5330596,11.859258
-2.2862787,9.549257
-3.3544974,6.6730433
12.704822,9.376483
-4.650218,11.523772
-7.520944,10.597655
-4.042067,7.562629
2.7191703,8.028655
-0.94021034,13.371897
-3.3705285,5.972808
-3.3606877,12.243573
-5.3141356,10.230197
-2.5100608,6.495226
-5.3730226,12.70386
-3.5795405,10.417278
0.19860226,9.633566
-5.7647347,8.239973
-4.7918916,11.158278
4.658074,8.216561
-2.6908748,9.1599045
-7.7146645,9.390953
-1.2542576,11.413207
-3.692386,5.6054783
2.046094,8.932491
-1.5973257,10.030901
9.403408,7.957391
-3.097592,4.8188834
-6.20494,8.5095625
-3.2499547,12.177197
-2.5580845,8.605734
-2.1312592,8.303505
10.165297,6.954073
8.778492,6.7470336
-5.4181905,6.880291
-3.57329,7.6612
-1.6904817,7.8160567
20.771341,12.423408
2.9023297,7.934407
7.5447197,6.500665
6.1271973,8.186527
-1.8605964,13.523367
-5.1073375,7.7495203
-3.4085643,8.65565
5.068408,7.8229446
-1.8597808,11.328528
-3.3589458,9.564463
-4.695793,13.81923
-5.061557,13.985152
2.7379167,9.535793
-4.3488646,10.322064
9.21261,4.285787
-2.2005703,8.939204
-4.6291714,9.495517
20.341103,13.088832
-4.6689,9.650533
13.29288,6.0977373
-4.3944163,9.523539
-7.193995,9.88368
7.77322,7.6519103
-5.7778397,5.8857074
-1.9040062,5.519651
9.087946,7.550508
-0.5820665,10.160339
13.047926,9.018087
-5.722191,7.812367
14.749019,7.6424274
-4.426702,9.417424
9.871129,6.751329
-6.782058,9.570386
-4.505627,9.304402
-6.3597307,12.137299
-4.4220204,8.691165
-2.1381125,13.424165
-4.012535,12.943606
-1.2199221,5.5883985
-1.2192266,6.410045
0.43043515,6.9603024
-4.266833,10.153553
-4.3488965,13.650559
9.948469,7.8620505
-5.1283846,6.4337945
-6.4984365,9.393745
7.5459056,6.9826136
-1.483174,7.986548
-1.5876532,8.861963
-6.963316,11.425797
17.288982,8.870316
9.942053,6.9723797
-3.604174,12.827604
17.838196,8.350744
4.109275,7.1217084
-2.0691912,11.182065
7.556264,7.524292
-0.089442216,10.700168
10.736478,6.8487105
-1.6055615,9.484333
-6.566829,9.209314
12.36322,6.3706007
-6.0563645,10.147518
-4.5998297,12.479313
-3.1265616,12.89753
-3.548838,8.320281
-1.0914446,7.2393236
-5.3762827,7.2544947
-1.8804573,11.989392
-4.693089,11.796984
-7.3390584,8.129002
7.7685523,6.149863
-1.1193584,12.043253
-7.345232,10.024003
0.029389072,11.677725
7.9824834,9.165466
-4.4016867,9.269006
-4.501069,6.678081
-6.7905865,7.537018
-5.477226,8.313659
-0.3695028,8.432823
-5.65186,11.811425
-5.9646773,9.956691
7.064751,6.359946
-5.4647613,7.8618975
-6.7868767,11.184514
20.32628,11.158972
8.692325,6.013073
13.476021,5.9031196
-1.3013401,8.571872
14.810863,6.776336
-2.243884,7.034413
2.6927767,9.943194
-2.5815692,9.268017
6.733988,7.1445675
-0.9319392,6.015112
-7.4790964,7.7108307
-5.838671,9.72123
-3.2449307,4.9155416
-3.082686,7.573829
-1.3043115,10.117639
-1.6068581,7.6338577
9.003805,5.9284854
14.3917675,7.314838
12.106096,5.7671843
17.212502,8.423742
-1.4606482,5.914048
-5.628963,13.323685
6.654481,6.612241
14.551867,8.563865
1.3843464,9.886758
-7.8716116,10.306538
-0.104628526,7.505439
-5.9450197,6.455281
-0.43186295,10.737515
-7.1837783,9.779182
-6.6385994,8.747752
-1.2499019,7.2073255
0.97265285,11.503031
20.370106,12.131388
-2.330697,8.943631
8.7776985,7.326355
-8.103001,9.53609
-4.3756337,9.714927
-4.2557807,13.10007
9.053949,8.901509
11.333255,7.754432
0.026105484,10.232038
-4.96622,11.828528
-2.365496,12.054488
-7.074187,9.866724
6.3669314,6.283129
-0.9871223,7.346054
-6.2033777,9.034652
-0.7105327,5.790474
17.557503,8.957659
-3.5844173,10.099452
11.045708,9.707852
0.6888963,10.900505
8.982469,6.4674077
14.281235,6.6350403
-5.8689704,5.718501
-7.0083146,7.1108503
-3.2883275,10.2113495
12.847423,6.7157807
-3.362159,10.8015995
-3.814506,12.710985
-6.986668,8.250558
8.23992,9.8908615
10.726988,6.1194477
1.3274297,10.321343
-4.8890667,12.236568
-1.4264654,7.976093
-3.691751,13.741953
-6.1135373,13.283984
-4.202376,13.691285
-3.9172795,12.652343
-7.201013,7.4924145
-6.332117,6.966499
-5.6328526,12.301663
-3.2894268,12.208711
-4.433642,6.521692
9.008837,6.670106
-4.156903,6.0126467
17.23337,8.26019
11.324537,7.809297
12.118762,8.589426
-2.8962243,6.019911
8.576639,8.071131
5.7558074,8.25318
17.912579,8.374955
10.865685,4.699965
-3.7509,9.500867
-2.2826164,7.3479815
12.360976,5.575263
-1.6544478,8.1414795
-5.205138,12.967196
-6.4759045,7.4970193
4.01599,8.048478
9.903983,8.572377
1.1668868,6.2271657
8.479835,5.8530426
6.2785826,7.8266387
15.074298,8.392752
-3.6841736,7.9582186
-1.8658006,9.122024
-1.2931669,6.0995812
-3.484331,6.0854707
-2.2910938,6.650948
-0.47245693,8.15181
9.192039,6.1420455
-7.758494,8.703156
19.242867,10.129436
-7.4632335,10.1186
